T,2022-11-02 21:01:05.369348
E,2022-11-02 21:01:05.435935
S,2022-11-02 21:01:05.552862
T,2022-11-02 21:01:05.730324
 ,2022-11-02 21:01:05.735652
T,2022-11-02 21:01:05.972262
E,2022-11-02 21:01:06.095252
S,2022-11-02 21:01:06.203163
T,2022-11-02 21:01:06.337964
 ,2022-11-02 21:01:06.459383
T,2022-11-02 21:01:06.806842
E,2022-11-02 21:01:06.938841
S,2022-11-02 21:01:07.204120
T,2022-11-02 21:01:07.259126
"",2022-11-02 21:01:07.678917
"",2022-11-02 21:01:08.336448
E,2022-11-02 21:01:08.522285
N,2022-11-02 21:01:08.680729
T,2022-11-02 21:01:08.803989
E,2022-11-02 21:01:08.863128
R,2022-11-02 21:01:08.963647
 ,2022-11-02 21:01:09.137133
T,2022-11-02 21:01:09.574607
W,2022-11-02 21:01:09.702978
I,2022-11-02 21:01:09.843254
C,2022-11-02 21:01:10.271138
E,2022-11-02 21:01:10.471904
"",2022-11-02 21:01:10.602914
"",2022-11-02 21:01:10.758897
D,2022-11-02 21:01:10.923390
E,2022-11-02 21:01:11.117496
L,2022-11-02 21:01:11.233776
E,2022-11-02 21:01:11.599656
T,2022-11-02 21:01:11.983302
E,2022-11-02 21:01:12.109969
 ,2022-11-02 21:01:12.339753
O,2022-11-02 21:01:12.617240
N,2022-11-02 21:01:12.711768
C,2022-11-02 21:01:12.762569
E,2022-11-02 21:01:12.971423
 ,2022-11-02 21:01:13.045876
,2022-11-02 21:01:13.545897
,2022-11-02 21:01:13.697617
,2022-11-02 21:01:13.841916
,2022-11-02 21:01:13.975444
,2022-11-02 21:01:14.127550
,2022-11-02 21:01:14.274852
T,2022-11-07 20:41:06.594017,toString,22626628
H,2022-11-07 20:41:06.710694,toString,22626628
I,2022-11-07 20:41:06.798411,toString,22626628
S,2022-11-07 20:41:06.918314,toString,22626628
 ,2022-11-07 20:41:07.044513,toString,22626628
I,2022-11-07 20:41:07.188261,toString,22626628
S,2022-11-07 20:41:07.291813,toString,22626628
 ,2022-11-07 20:41:07.406062,toString,22626628
A,2022-11-07 20:41:07.558477,toString,22626628
 ,2022-11-07 20:41:07.629911,toString,22626628
T,2022-11-07 20:41:07.885980,toString,22626628
E,2022-11-07 20:41:07.963554,toString,22626628
S,2022-11-07 20:41:08.075336,toString,22626628
T,2022-11-07 20:41:08.147739,toString,22626628
 ,2022-11-07 20:41:08.292370,toString,22626628
W,2022-11-07 20:41:08.486359,toString,22626628
H,2022-11-07 20:41:08.587968,toString,22626628
E,2022-11-07 20:41:08.699539,toString,22626628
R,2022-11-07 20:41:08.805727,toString,22626628
E,2022-11-07 20:41:08.907710,toString,22626628
 ,2022-11-07 20:41:09.029990,toString,22626628
,2022-11-07 20:41:09.205756,toString,22626628
I,2022-11-07 20:41:09.307578,toString,22626628
 ,2022-11-07 20:41:09.462447,toString,22626628
A,2022-11-07 20:41:09.598148,toString,22626628
M,2022-11-07 20:41:09.724320,toString,22626628
 ,2022-11-07 20:41:09.869946,toString,22626628
W,2022-11-07 20:41:10.246477,toString,22626628
I,2022-11-07 20:41:10.453526,toString,22626628
,2022-11-07 20:41:10.933841,toString,22626628
R,2022-11-07 20:41:11.029039,toString,22626628
I,2022-11-07 20:41:11.197154,toString,22626628
T,2022-11-07 20:41:11.379211,toString,22626628
I,2022-11-07 20:41:11.494053,toString,22626628
N,2022-11-07 20:41:11.606275,toString,22626628
G,2022-11-07 20:41:11.683968,toString,22626628
 ,2022-11-07 20:41:11.806390,toString,22626628
S,2022-11-07 20:41:11.948805,toString,22626628
O,2022-11-07 20:41:12.037717,toString,22626628
M,2022-11-07 20:41:12.093551,toString,22626628
E,2022-11-07 20:41:12.203402,toString,22626628
 ,2022-11-07 20:41:12.296237,toString,22626628
W,2022-11-07 20:41:12.460487,toString,22626628
O,2022-11-07 20:41:12.582248,toString,22626628
R,2022-11-07 20:41:12.715864,toString,22626628
D,2022-11-07 20:41:12.898137,toString,22626628
S,2022-11-07 20:41:13.003191,toString,22626628
¾,2022-11-07 20:41:14.115179,toString,22626628
 ,2022-11-07 20:41:14.325922,toString,22626628
,2022-11-07 20:41:14.404969,toString,22626628
T,2022-11-07 20:41:14.582973,toString,22626628
H,2022-11-07 20:41:14.671132,toString,22626628
I,2022-11-07 20:41:14.771731,toString,22626628
S,2022-11-07 20:41:14.942811,toString,22626628
 ,2022-11-07 20:41:15.043344,toString,22626628
I,2022-11-07 20:41:15.198377,toString,22626628
S,2022-11-07 20:41:15.331702,toString,22626628
 ,2022-11-07 20:41:15.437849,toString,22626628
T,2022-11-07 20:41:15.547409,toString,22626628
H,2022-11-07 20:41:15.662016,toString,22626628
E,2022-11-07 20:41:15.740082,toString,22626628
 ,2022-11-07 20:41:15.881387,toString,22626628
T,2022-11-07 20:41:16.214347,toString,22626628
O,2022-11-07 20:41:16.358268,toString,22626628
,2022-11-07 20:41:16.620820,toString,22626628
S,2022-11-07 20:41:16.928659,toString,22626628
T,2022-11-07 20:41:17.173703,toString,22626628
R,2022-11-07 20:41:17.397894,toString,22626628
I,2022-11-07 20:41:17.475949,toString,22626628
N,2022-11-07 20:41:17.587242,toString,22626628
G,2022-11-07 20:41:17.666948,toString,22626628
 ,2022-11-07 20:41:17.822564,toString,22626628
M,2022-11-07 20:41:18.286161,toString,22626628
E,2022-11-07 20:41:18.448356,toString,22626628
T,2022-11-07 20:41:18.591004,toString,22626628
H,2022-11-07 20:41:18.683407,toString,22626628
O,2022-11-07 20:41:18.845683,toString,22626628
D,2022-11-07 20:41:18.984489,toString,22626628
,2022-11-07 20:41:22.930775,onAttach,1810081
I,2022-11-07 20:41:23.043930,onAttach,1810081
Þ,2022-11-07 20:41:23.227558,onAttach,1810081
M,2022-11-07 20:41:23.366640,onAttach,1810081
 ,2022-11-07 20:41:23.459190,onAttach,1810081
N,2022-11-07 20:41:23.958011,onAttach,1810081
O,2022-11-07 20:41:24.059607,onAttach,1810081
W,2022-11-07 20:41:24.176921,onAttach,1810081
 ,2022-11-07 20:41:24.301976,onAttach,1810081
L,2022-11-07 20:41:24.427598,onAttach,1810081
O,2022-11-07 20:41:24.645609,onAttach,1810081
O,2022-11-07 20:41:24.797662,onAttach,1810081
K,2022-11-07 20:41:24.868305,onAttach,1810081
I,2022-11-07 20:41:25.075835,onAttach,1810081
N,2022-11-07 20:41:25.189580,onAttach,1810081
G,2022-11-07 20:41:25.316688,onAttach,1810081
 ,2022-11-07 20:41:25.470795,onAttach,1810081
A,2022-11-07 20:41:25.595960,onAttach,1810081
T,2022-11-07 20:41:25.717826,onAttach,1810081
 ,2022-11-07 20:41:25.852074,onAttach,1810081
O,2022-11-07 20:41:26.446141,onAttach,1810081
N,2022-11-07 20:41:26.558297,onAttach,1810081
,2022-11-07 20:41:26.659549,onAttach,1810081
A,2022-11-07 20:41:26.870282,onAttach,1810081
T,2022-11-07 20:41:27.136617,onAttach,1810081
T,2022-11-07 20:41:27.334155,onAttach,1810081
A,2022-11-07 20:41:27.460425,onAttach,1810081
C,2022-11-07 20:41:27.653681,onAttach,1810081
H,2022-11-07 20:41:27.747791,onAttach,1810081
,2022-11-07 20:41:31.360995,visitRetStmt,13482891
H,2022-11-07 20:41:31.518884,visitRetStmt,13482891
E,2022-11-07 20:41:31.750330,visitRetStmt,13482891
L,2022-11-07 20:41:31.803958,visitRetStmt,13482891
L,2022-11-07 20:41:31.942082,visitRetStmt,13482891
O,2022-11-07 20:41:32.158699,visitRetStmt,13482891
¾,2022-11-07 20:41:32.815134,visitRetStmt,13482891
 ,2022-11-07 20:41:33.006032,visitRetStmt,13482891
,2022-11-07 20:41:33.115570,visitRetStmt,13482891
T,2022-11-07 20:41:33.366333,visitRetStmt,13482891
H,2022-11-07 20:41:33.523380,visitRetStmt,13482891
I,2022-11-07 20:41:33.678290,visitRetStmt,13482891
S,2022-11-07 20:41:33.864160,visitRetStmt,13482891
 ,2022-11-07 20:41:34.005567,visitRetStmt,13482891
I,2022-11-07 20:41:34.230287,visitRetStmt,13482891
S,2022-11-07 20:41:34.307281,visitRetStmt,13482891
 ,2022-11-07 20:41:34.422861,visitRetStmt,13482891
V,2022-11-07 20:41:34.645502,visitRetStmt,13482891
I,2022-11-07 20:41:34.742154,visitRetStmt,13482891
S,2022-11-07 20:41:34.822064,visitRetStmt,13482891
I,2022-11-07 20:41:34.931384,visitRetStmt,13482891
T,2022-11-07 20:41:35.086084,visitRetStmt,13482891
,2022-11-07 20:41:35.550269,visitRetStmt,13482891
R,2022-11-07 20:41:35.774023,visitRetStmt,13482891
E,2022-11-07 20:41:35.974535,visitRetStmt,13482891
T,2022-11-07 20:41:36.101119,visitRetStmt,13482891
,2022-11-07 20:41:36.355339,visitRetStmt,13482891
S,2022-11-07 20:41:36.599043,visitRetStmt,13482891
T,2022-11-07 20:41:36.767405,visitRetStmt,13482891
M,2022-11-07 20:41:37.037810,visitRetStmt,13482891
T,2022-11-07 20:41:37.237918,visitRetStmt,13482891
"",2022-11-07 20:41:37.724143,visitRetStmt,13482891
C,2022-11-07 20:41:42.321845,capitalizeString,1412807
A,2022-11-07 20:41:42.531810,capitalizeString,1412807
P,2022-11-07 20:41:42.605493,capitalizeString,1412807
I,2022-11-07 20:41:42.715343,capitalizeString,1412807
T,2022-11-07 20:41:42.918229,capitalizeString,1412807
L,2022-11-07 20:41:43.069523,capitalizeString,1412807
I,2022-11-07 20:41:43.222378,capitalizeString,1412807
,2022-11-07 20:41:44.038039,capitalizeString,1412807
,2022-11-07 20:41:44.201053,capitalizeString,1412807
A,2022-11-07 20:41:44.742073,capitalizeString,1412807
L,2022-11-07 20:41:44.869873,capitalizeString,1412807
I,2022-11-07 20:41:44.979425,capitalizeString,1412807
Z,2022-11-07 20:41:45.078006,capitalizeString,1412807
E,2022-11-07 20:41:45.230713,capitalizeString,1412807
 ,2022-11-07 20:41:45.355276,capitalizeString,1412807
O,2022-11-07 20:41:45.478280,capitalizeString,1412807
N,2022-11-07 20:41:45.621744,capitalizeString,1412807
 ,2022-11-07 20:41:45.669296,capitalizeString,1412807
T,2022-11-07 20:41:45.723731,capitalizeString,1412807
N,2022-11-07 20:41:45.878488,capitalizeString,1412807
I,2022-11-07 20:41:45.998472,capitalizeString,1412807
S,2022-11-07 20:41:46.099130,capitalizeString,1412807
 ,2022-11-07 20:41:46.312570,capitalizeString,1412807
,2022-11-07 20:41:46.527459,capitalizeString,1412807
,2022-11-07 20:41:46.703841,capitalizeString,1412807
,2022-11-07 20:41:46.885702,capitalizeString,1412807
,2022-11-07 20:41:47.030567,capitalizeString,1412807
,2022-11-07 20:41:47.222587,capitalizeString,1412807
T,2022-11-07 20:41:47.820232,capitalizeString,1412807
H,2022-11-07 20:41:47.933114,capitalizeString,1412807
I,2022-11-07 20:41:48.045589,capitalizeString,1412807
S,2022-11-07 20:41:48.158225,capitalizeString,1412807
 ,2022-11-07 20:41:48.295622,capitalizeString,1412807
A,2022-11-07 20:41:48.438797,capitalizeString,1412807
M,2022-11-07 20:41:48.574810,capitalizeString,1412807
A,2022-11-07 20:41:48.678697,capitalizeString,1412807
Z,2022-11-07 20:41:48.923708,capitalizeString,1412807
I,2022-11-07 20:41:49.014802,capitalizeString,1412807
N,2022-11-07 20:41:49.115564,capitalizeString,1412807
G,2022-11-07 20:41:49.179449,capitalizeString,1412807
 ,2022-11-07 20:41:49.303239,capitalizeString,1412807
O,2022-11-07 20:41:49.444284,capitalizeString,1412807
P,2022-11-07 20:41:49.677815,capitalizeString,1412807
P,2022-11-07 20:41:49.838875,capitalizeString,1412807
O,2022-11-07 20:41:49.998024,capitalizeString,1412807
R,2022-11-07 20:41:50.173594,capitalizeString,1412807
T,2022-11-07 20:41:50.374781,capitalizeString,1412807
U,2022-11-07 20:41:50.430055,capitalizeString,1412807
N,2022-11-07 20:41:50.622020,capitalizeString,1412807
I,2022-11-07 20:41:50.707524,capitalizeString,1412807
T,2022-11-07 20:41:50.790343,capitalizeString,1412807
Y,2022-11-07 20:41:50.963369,capitalizeString,1412807
E,2022-11-07 20:41:55.100961,exit,4453291
X,2022-11-07 20:41:55.390456,exit,4453291
I,2022-11-07 20:41:55.491683,exit,4453291
T,2022-11-07 20:41:55.654318,exit,4453291
 ,2022-11-07 20:41:56.543506,exit,4453291
L,2022-11-07 20:41:56.709967,exit,4453291
O,2022-11-07 20:41:56.870004,exit,4453291
L,2022-11-07 20:41:57.045947,exit,4453291
T,2022-11-07 20:59:19.367001,onAttach,1810081
H,2022-11-07 20:59:19.516053,onAttach,1810081
I,2022-11-07 20:59:19.652425,onAttach,1810081
S,2022-11-07 20:59:19.740128,onAttach,1810081
 ,2022-11-07 20:59:19.884147,onAttach,1810081
I,2022-11-07 20:59:19.986192,onAttach,1810081
S,2022-11-07 20:59:20.108193,onAttach,1810081
 ,2022-11-07 20:59:20.208915,onAttach,1810081
A,2022-11-07 20:59:20.340245,onAttach,1810081
 ,2022-11-07 20:59:20.425058,onAttach,1810081
T,2022-11-07 20:59:20.756884,onAttach,1810081
E,2022-11-07 20:59:20.868460,onAttach,1810081
S,2022-11-07 20:59:20.948951,onAttach,1810081
T,2022-11-07 20:59:21.040654,onAttach,1810081
 ,2022-11-07 20:59:21.229228,onAttach,1810081
,2022-11-07 20:59:23.604812,onAttach,1810081
¾,2022-11-07 20:59:24.145686,onAttach,1810081
 ,2022-11-07 20:59:24.299893,onAttach,1810081
,2022-11-07 20:59:24.451811,onAttach,1810081
O,2022-11-07 20:59:24.580385,onAttach,1810081
N,2022-11-07 20:59:24.680818,onAttach,1810081
 ,2022-11-07 20:59:24.891371,onAttach,1810081
A,2022-11-07 20:59:25.051361,onAttach,1810081
T,2022-11-07 20:59:25.266834,onAttach,1810081
T,2022-11-07 20:59:25.444534,onAttach,1810081
A,2022-11-07 20:59:25.603956,onAttach,1810081
C,2022-11-07 20:59:25.788317,onAttach,1810081
H,2022-11-07 20:59:25.956612,onAttach,1810081
"",2022-11-07 20:59:26.156915,onAttach,1810081
Y,2022-11-07 20:59:29.542456,capitalizeString,1412807
E,2022-11-07 20:59:29.651790,capitalizeString,1412807
S,2022-11-07 20:59:29.851764,capitalizeString,1412807
 ,2022-11-07 20:59:29.908659,capitalizeString,1412807
Y,2022-11-07 20:59:30.051752,capitalizeString,1412807
E,2022-11-07 20:59:30.155199,capitalizeString,1412807
S,2022-11-07 20:59:30.331851,capitalizeString,1412807
 ,2022-11-07 20:59:31.284123,capitalizeString,1412807
N,2022-11-07 20:59:31.506619,capitalizeString,1412807
O,2022-11-07 20:59:31.524532,capitalizeString,1412807
 ,2022-11-07 20:59:31.731781,capitalizeString,1412807
N,2022-11-07 20:59:31.923926,capitalizeString,1412807
O,2022-11-07 20:59:31.974777,capitalizeString,1412807
U,2022-11-07 20:59:35.158777,toString,22626628
P,2022-11-07 20:59:35.233297,toString,22626628
I,2022-11-07 20:59:35.451279,toString,22626628
,2022-11-07 20:59:35.891716,toString,22626628
S,2022-11-07 20:59:36.060424,toString,22626628
I,2022-11-07 20:59:36.184806,toString,22626628
D,2022-11-07 20:59:36.347854,toString,22626628
E,2022-11-07 20:59:36.521420,toString,22626628
 ,2022-11-07 20:59:36.657352,toString,22626628
D,2022-11-07 20:59:36.739945,toString,22626628
O,2022-11-07 20:59:36.884353,toString,22626628
W,2022-11-07 20:59:36.969455,toString,22626628
N,2022-11-07 20:59:37.115627,toString,22626628
M,2022-11-07 20:59:41.334932,exit,4453291
E,2022-11-07 20:59:41.483658,exit,4453291
D,2022-11-07 20:59:41.705430,exit,4453291
I,2022-11-07 20:59:41.801580,exit,4453291
T,2022-11-07 20:59:41.987129,exit,4453291
A,2022-11-07 20:59:42.195259,exit,4453291
T,2022-11-07 20:59:42.313072,exit,4453291
I,2022-11-07 20:59:42.435649,exit,4453291
O,2022-11-07 20:59:42.500313,exit,4453291
N,2022-11-07 20:59:42.601650,exit,4453291
T,2022-11-07 20:59:47.037941,visitRetStmt,13482891
H,2022-11-07 20:59:47.179942,visitRetStmt,13482891
I,2022-11-07 20:59:47.305301,visitRetStmt,13482891
S,2022-11-07 20:59:47.418136,visitRetStmt,13482891
 ,2022-11-07 20:59:47.555198,visitRetStmt,13482891
I,2022-11-07 20:59:47.689216,visitRetStmt,13482891
S,2022-11-07 20:59:47.806914,visitRetStmt,13482891
 ,2022-11-07 20:59:47.916587,visitRetStmt,13482891
T,2022-11-07 20:59:48.068754,visitRetStmt,13482891
H,2022-11-07 20:59:48.131586,visitRetStmt,13482891
E,2022-11-07 20:59:48.243035,visitRetStmt,13482891
 ,2022-11-07 20:59:48.355257,visitRetStmt,13482891
V,2022-11-07 20:59:48.672803,visitRetStmt,13482891
I,2022-11-07 20:59:48.794953,visitRetStmt,13482891
S,2022-11-07 20:59:48.896529,visitRetStmt,13482891
I,2022-11-07 20:59:49.075964,visitRetStmt,13482891
T,2022-11-07 20:59:49.247316,visitRetStmt,13482891
,2022-11-07 20:59:49.955380,visitRetStmt,13482891
R,2022-11-07 20:59:49.993564,visitRetStmt,13482891
E,2022-11-07 20:59:50.179808,visitRetStmt,13482891
T,2022-11-07 20:59:50.811044,visitRetStmt,13482891
,2022-11-07 20:59:51.072399,visitRetStmt,13482891
S,2022-11-07 20:59:51.227695,visitRetStmt,13482891
T,2022-11-07 20:59:51.404259,visitRetStmt,13482891
M,2022-11-07 20:59:51.537274,visitRetStmt,13482891
T,2022-11-07 20:59:51.655116,visitRetStmt,13482891
M,2022-11-07 20:59:51.803515,visitRetStmt,13482891
,2022-11-07 20:59:52.308018,visitRetStmt,13482891
 ,2022-11-07 20:59:52.523730,visitRetStmt,13482891
F,2022-11-07 20:59:52.739511,visitRetStmt,13482891
U,2022-11-07 20:59:52.864896,visitRetStmt,13482891
N,2022-11-07 20:59:53.075594,visitRetStmt,13482891
C,2022-11-07 20:59:53.187035,visitRetStmt,13482891
T,2022-11-07 20:59:53.403408,visitRetStmt,13482891
I,2022-11-07 20:59:53.504849,visitRetStmt,13482891
O,2022-11-07 20:59:53.560873,visitRetStmt,13482891
N,2022-11-07 20:59:53.650111,visitRetStmt,13482891
 ,2022-11-07 20:59:53.739259,visitRetStmt,13482891
T,2022-11-07 20:59:53.852532,visitRetStmt,13482891
H,2022-11-07 20:59:53.936780,visitRetStmt,13482891
A,2022-11-07 20:59:54.025485,visitRetStmt,13482891
T,2022-11-07 20:59:54.137225,visitRetStmt,13482891
 ,2022-11-07 20:59:54.202220,visitRetStmt,13482891
T,2022-11-07 20:59:54.812155,visitRetStmt,13482891
A,2022-11-07 20:59:54.945748,visitRetStmt,13482891
K,2022-11-07 20:59:55.096627,visitRetStmt,13482891
E,2022-11-07 20:59:55.153257,visitRetStmt,13482891
S,2022-11-07 20:59:55.387360,visitRetStmt,13482891
 ,2022-11-07 20:59:55.499874,visitRetStmt,13482891
A,2022-11-07 20:59:55.651828,visitRetStmt,13482891
 ,2022-11-07 20:59:55.795691,visitRetStmt,13482891
S,2022-11-07 20:59:56.183890,visitRetStmt,13482891
T,2022-11-07 20:59:56.347135,visitRetStmt,13482891
M,2022-11-07 20:59:56.602933,visitRetStmt,13482891
T,2022-11-07 20:59:56.755698,visitRetStmt,13482891
 ,2022-11-07 20:59:57.843292,visitRetStmt,13482891
P,2022-11-07 20:59:58.273399,visitRetStmt,13482891
A,2022-11-07 20:59:58.425409,visitRetStmt,13482891
R,2022-11-07 20:59:58.724352,visitRetStmt,13482891
A,2022-11-07 20:59:58.900618,visitRetStmt,13482891
M,2022-11-07 20:59:59.195118,visitRetStmt,13482891
E,2022-11-07 20:59:59.328856,visitRetStmt,13482891
T,2022-11-07 20:59:59.499847,visitRetStmt,13482891
E,2022-11-07 20:59:59.635222,visitRetStmt,13482891
R,2022-11-07 20:59:59.723841,visitRetStmt,13482891
 ,2022-11-07 20:59:59.827802,visitRetStmt,13482891
A,2022-11-07 20:59:59.953031,visitRetStmt,13482891
N,2022-11-07 21:00:00.051624,visitRetStmt,13482891
D,2022-11-07 21:00:00.196523,visitRetStmt,13482891
 ,2022-11-07 21:00:00.280825,visitRetStmt,13482891
D,2022-11-07 21:00:00.393541,visitRetStmt,13482891
O,2022-11-07 21:00:00.516076,visitRetStmt,13482891
E,2022-11-07 21:00:00.636015,visitRetStmt,13482891
S,2022-11-07 21:00:00.835844,visitRetStmt,13482891
 ,2022-11-07 21:00:00.937733,visitRetStmt,13482891
S,2022-11-07 21:00:01.027748,visitRetStmt,13482891
O,2022-11-07 21:00:01.174325,visitRetStmt,13482891
M,2022-11-07 21:00:01.291317,visitRetStmt,13482891
E,2022-11-07 21:00:01.369692,visitRetStmt,13482891
 ,2022-11-07 21:00:01.563513,visitRetStmt,13482891
S,2022-11-07 21:00:01.688940,visitRetStmt,13482891
T,2022-11-07 21:00:01.875421,visitRetStmt,13482891
U,2022-11-07 21:00:01.989836,visitRetStmt,13482891
F,2022-11-07 21:00:02.139435,visitRetStmt,13482891
F,2022-11-07 21:00:02.283677,visitRetStmt,13482891
 ,2022-11-07 21:00:02.396140,visitRetStmt,13482891
W,2022-11-07 21:00:02.480828,visitRetStmt,13482891
I,2022-11-07 21:00:02.572259,visitRetStmt,13482891
T,2022-11-07 21:00:02.684269,visitRetStmt,13482891
H,2022-11-07 21:00:02.780975,visitRetStmt,13482891
 ,2022-11-07 21:00:02.837243,visitRetStmt,13482891
I,2022-11-07 21:00:03.003420,visitRetStmt,13482891
T,2022-11-07 21:00:03.084112,visitRetStmt,13482891
T,2022-11-07 21:07:30.204748,onAttach,1810081
H,2022-11-07 21:07:30.305560,onAttach,1810081
I,2022-11-07 21:07:30.411761,onAttach,1810081
S,2022-11-07 21:07:30.553574,onAttach,1810081
 ,2022-11-07 21:07:30.698370,onAttach,1810081
I,2022-11-07 21:07:30.938609,onAttach,1810081
S,2022-11-07 21:07:31.074038,onAttach,1810081
 ,2022-11-07 21:07:31.212556,onAttach,1810081
A,2022-11-07 21:07:31.303612,onAttach,1810081
 ,2022-11-07 21:07:31.422783,onAttach,1810081
S,2022-11-07 21:07:31.569530,onAttach,1810081
U,2022-11-07 21:07:31.681843,onAttach,1810081
M,2022-11-07 21:07:31.906067,onAttach,1810081
M,2022-11-07 21:07:32.062103,onAttach,1810081
A,2022-11-07 21:07:32.234800,onAttach,1810081
R,2022-11-07 21:07:32.335223,onAttach,1810081
Y,2022-11-07 21:07:32.458444,onAttach,1810081
 ,2022-11-07 21:07:32.554382,onAttach,1810081
O,2022-11-07 21:07:32.706316,onAttach,1810081
F,2022-11-07 21:07:32.785950,onAttach,1810081
 ,2022-11-07 21:07:32.900535,onAttach,1810081
T,2022-11-07 21:07:33.011171,onAttach,1810081
H,2022-11-07 21:07:33.074197,onAttach,1810081
E,2022-11-07 21:07:33.154013,onAttach,1810081
 ,2022-11-07 21:07:33.298400,onAttach,1810081
O,2022-11-07 21:07:33.571813,onAttach,1810081
N,2022-11-07 21:07:33.717824,onAttach,1810081
,2022-11-07 21:07:34.026885,onAttach,1810081
A,2022-11-07 21:07:34.100051,onAttach,1810081
T,2022-11-07 21:07:34.313930,onAttach,1810081
T,2022-11-07 21:07:34.455393,onAttach,1810081
A,2022-11-07 21:07:34.618361,onAttach,1810081
C,2022-11-07 21:07:34.801833,onAttach,1810081
H,2022-11-07 21:07:34.858768,onAttach,1810081
 ,2022-11-07 21:07:34.945957,onAttach,1810081
M,2022-11-07 21:07:35.121003,onAttach,1810081
E,2022-11-07 21:07:35.228779,onAttach,1810081
T,2022-11-07 21:07:35.354580,onAttach,1810081
H,2022-11-07 21:07:35.442612,onAttach,1810081
O,2022-11-07 21:07:35.534845,onAttach,1810081
D,2022-11-07 21:07:35.681993,onAttach,1810081
T,2022-11-07 21:07:40.036971,toString,22626628
H,2022-11-07 21:07:40.178203,toString,22626628
E,2022-11-07 21:07:40.273402,toString,22626628
 ,2022-11-07 21:07:40.385528,toString,22626628
P,2022-11-07 21:07:40.556315,toString,22626628
R,2022-11-07 21:07:40.785931,toString,22626628
E,2022-11-07 21:07:40.890518,toString,22626628
V,2022-11-07 21:07:41.137803,toString,22626628
I,2022-11-07 21:07:41.233957,toString,22626628
O,2022-11-07 21:07:41.282075,toString,22626628
U,2022-11-07 21:07:41.378356,toString,22626628
S,2022-11-07 21:07:41.497463,toString,22626628
 ,2022-11-07 21:07:41.635442,toString,22626628
O,2022-11-07 21:07:42.211203,toString,22626628
N,2022-11-07 21:07:42.523074,toString,22626628
,2022-11-07 21:07:42.791580,toString,22626628
,2022-11-07 21:07:42.970028,toString,22626628
S,2022-11-07 21:07:43.177611,toString,22626628
U,2022-11-07 21:07:43.345862,toString,22626628
M,2022-11-07 21:07:43.633258,toString,22626628
M,2022-11-07 21:07:43.755480,toString,22626628
A,2022-11-07 21:07:43.863924,toString,22626628
R,2022-11-07 21:07:43.953455,toString,22626628
Y,2022-11-07 21:07:44.097360,toString,22626628
 ,2022-11-07 21:07:44.167594,toString,22626628
W,2022-11-07 21:07:44.222991,toString,22626628
A,2022-11-07 21:07:44.402555,toString,22626628
S,2022-11-07 21:07:44.474120,toString,22626628
 ,2022-11-07 21:07:44.617406,toString,22626628
B,2022-11-07 21:07:44.729899,toString,22626628
L,2022-11-07 21:07:44.826766,toString,22626628
A,2022-11-07 21:07:44.895257,toString,22626628
N,2022-11-07 21:07:45.027109,toString,22626628
K,2022-11-07 21:07:45.137855,toString,22626628
,2022-11-07 21:07:47.796390,exit,4453291
T,2022-11-07 21:07:48.048186,exit,4453291
H,2022-11-07 21:07:48.233810,exit,4453291
I,2022-11-07 21:07:48.345861,exit,4453291
S,2022-11-07 21:07:48.465815,exit,4453291
 ,2022-11-07 21:07:48.611010,exit,4453291
O,2022-11-07 21:07:49.009934,exit,4453291
N,2022-11-07 21:07:49.147811,exit,4453291
E,2022-11-07 21:07:49.298035,exit,4453291
 ,2022-11-07 21:07:49.419143,exit,4453291
I,2022-11-07 21:07:49.577950,exit,4453291
S,2022-11-07 21:07:49.689244,exit,4453291
 ,2022-11-07 21:07:49.779074,exit,4453291
N,2022-11-07 21:07:49.969349,exit,4453291
O,2022-11-07 21:07:50.034266,exit,4453291
T,2022-11-07 21:07:50.135232,exit,4453291
 ,2022-11-07 21:07:50.258294,exit,4453291
B,2022-11-07 21:07:50.410201,exit,4453291
L,2022-11-07 21:07:50.521729,exit,4453291
A,2022-11-07 21:07:50.666108,exit,4453291
N,2022-11-07 21:07:50.809942,exit,4453291
K,2022-11-07 21:07:50.863478,exit,4453291
,2022-11-07 21:07:53.444092,visitRetStmt,13482891
N,2022-11-07 21:07:53.786965,visitRetStmt,13482891
E,2022-11-07 21:07:53.956834,visitRetStmt,13482891
I,2022-11-07 21:07:54.048987,visitRetStmt,13482891
T,2022-11-07 21:07:54.169517,visitRetStmt,13482891
H,2022-11-07 21:07:54.271365,visitRetStmt,13482891
E,2022-11-07 21:07:54.335716,visitRetStmt,13482891
R,2022-11-07 21:07:54.425843,visitRetStmt,13482891
 ,2022-11-07 21:07:54.485859,visitRetStmt,13482891
I,2022-11-07 21:07:54.649587,visitRetStmt,13482891
S,2022-11-07 21:07:54.737575,visitRetStmt,13482891
 ,2022-11-07 21:07:54.846817,visitRetStmt,13482891
T,2022-11-07 21:07:54.953635,visitRetStmt,13482891
H,2022-11-07 21:07:54.986268,visitRetStmt,13482891
I,2022-11-07 21:07:55.094498,visitRetStmt,13482891
S,2022-11-07 21:07:55.211096,visitRetStmt,13482891
 ,2022-11-07 21:07:55.297793,visitRetStmt,13482891
O,2022-11-07 21:07:55.440510,visitRetStmt,13482891
N,2022-11-07 21:07:55.520599,visitRetStmt,13482891
E,2022-11-07 21:07:55.650023,visitRetStmt,13482891
