001,initButtons,42956622,4079987183,3777141884,1,1,"(0.476851224899292, 0.269560307264328)","(0.461927592754364, 0.27896252274513245)",1,1,2.509918212890625,2.55010986328125
001,initButtons,42956622,4079995516,3777150217,1,1,"(0.4723469018936157, 0.2613782286643982)","(0.4597897529602051, 0.2765953242778778)",1,1,2.4735260009765625,2.5645904541015625
001,initButtons,42956622,4080003849,3777158550,1,1,"(0.47269776463508606, 0.26130685210227966)","(0.46265819668769836, 0.2854717969894409)",1,1,2.495391845703125,2.5526123046875
001,initButtons,42956622,4080012185,3777166886,1,1,"(0.47601062059402466, 0.24756987392902374)","(0.4576590359210968, 0.2840869724750519)",1,1,2.4827880859375,2.548828125
001,initButtons,42956622,4080020516,3777175217,1,1,"(0.47415515780448914, 0.25510174036026)","(0.45824724435806274, 0.27743715047836304)",1,1,2.476593017578125,2.543914794921875
001,initButtons,42956622,4080028850,3777183551,1,1,"(0.47385120391845703, 0.2636015713214874)","(0.45982852578163147, 0.28241851925849915)",1,1,2.51654052734375,2.5500946044921875
001,initButtons,42956622,4080037183,3777191884,1,1,"(0.4731484055519104, 0.25443363189697266)","(0.4595075249671936, 0.2824401259422302)",1,1,2.4812469482421875,2.5760955810546875
001,initButtons,42956622,4080045518,3777200219,1,1,"(0.47214484214782715, 0.2680568993091583)","(0.4597547650337219, 0.28286418318748474)",1,1,2.52484130859375,2.537994384765625
001,initButtons,42956622,4080053849,3777208550,1,1,"(0.4766778349876404, 0.2578611373901367)","(0.45991092920303345, 0.28181809186935425)",1,1,2.4803009033203125,2.5519256591796875
001,initButtons,42956622,4080062188,3777216889,1,1,"(0.4776633381843567, 0.26121777296066284)","(0.45830637216567993, 0.2837340831756592)",1,1,2.4788360595703125,2.56085205078125
001,initButtons,42956622,4080070523,3777225224,1,1,"(0.47602954506874084, 0.2601378560066223)","(0.46197232604026794, 0.2933272421360016)",1,1,2.463348388671875,2.54083251953125
001,initButtons,42956622,4080078855,3777233556,1,1,"(0.47597140073776245, 0.2723155617713928)","(0.4607628285884857, 0.28230035305023193)",1,1,2.510894775390625,2.5244293212890625
001,initButtons,42956622,4080087188,3777241889,1,1,"(0.477681040763855, 0.2624989449977875)","(0.4595964848995209, 0.28794392943382263)",1,1,2.470489501953125,2.5516815185546875
001,initButtons,42956622,4080095521,3777250222,1,1,"(0.4727746248245239, 0.2796822488307953)","(0.45715823769569397, 0.2857376039028168)",1,1,2.510986328125,2.5310516357421875
001,initButtons,42956622,4080103857,3777258558,1,1,"(0.4716362953186035, 0.27420252561569214)","(0.4557613432407379, 0.28391802310943604)",1,1,2.5183563232421875,2.5421295166015625
001,initButtons,42956622,4080112188,3777266889,1,1,"(0.4771920442581177, 0.27032676339149475)","(0.4590626657009125, 0.2765175700187683)",1,1,2.4881591796875,2.5318145751953125
001,initButtons,42956622,4080120521,3777275222,1,1,"(0.4766942262649536, 0.2626629173755646)","(0.46171075105667114, 0.2833814024925232)",1,1,2.4677581787109375,2.5367431640625
001,initButtons,42956622,4080128857,3777283558,1,1,"(0.47785699367523193, 0.26153647899627686)","(0.45786088705062866, 0.28726303577423096)",1,1,2.4803009033203125,2.547454833984375
001,initButtons,42956622,4080137188,3777291889,1,1,"(0.4802084267139435, 0.27643799781799316)","(0.45988109707832336, 0.2793008089065552)",1,1,2.49542236328125,2.53887939453125
001,initButtons,42956622,4080145521,3777300222,1,1,"(0.4730939567089081, 0.2663297653198242)","(0.46083131432533264, 0.2839139997959137)",1,1,2.46630859375,2.5292205810546875
001,initButtons,42956622,4080153857,3777308558,1,1,"(0.473916232585907, 0.26014813780784607)","(0.46211931109428406, 0.2854243516921997)",1,1,2.474212646484375,2.5031585693359375
001,initButtons,42956622,4080162190,3777316891,1,1,"(0.4732414782047272, 0.25875523686408997)","(0.46079203486442566, 0.2814580500125885)",1,1,2.4536285400390625,2.538787841796875
001,initButtons,42956622,4080170523,3777325224,1,1,"(0.4740922152996063, 0.2657488286495209)","(0.4599979519844055, 0.2880883812904358)",1,1,2.4803924560546875,2.5263671875
001,initButtons,42956622,4080178856,3777333557,1,1,"(0.4691234230995178, 0.2790193557739258)","(0.46106091141700745, 0.282103568315506)",1,1,2.460418701171875,2.5240631103515625
001,initButtons,42956622,4080187190,3777341891,1,1,"(0.4758414626121521, 0.26637735962867737)","(0.457204669713974, 0.28711679577827454)",1,1,2.464324951171875,2.5185394287109375
001,initButtons,42956622,4080195528,3777350229,1,1,"(0.4691905081272125, 0.2772067189216614)","(0.46350303292274475, 0.28947487473487854)",1,1,2.4893035888671875,2.53900146484375
001,initButtons,42956622,4080203862,3777358563,1,1,"(0.4732286334037781, 0.2682628035545349)","(0.4601607620716095, 0.2824566960334778)",1,1,2.47833251953125,2.49639892578125
001,initButtons,42956622,4080212195,3777366896,1,1,"(0.4768514931201935, 0.26364263892173767)","(0.46343135833740234, 0.28391820192337036)",1,1,2.4600677490234375,2.5046539306640625
001,initButtons,42956622,4080220528,3777375229,1,1,"(0.4768345057964325, 0.26937758922576904)","(0.45767101645469666, 0.29126742482185364)",1,1,2.469207763671875,2.5223388671875
001,initButtons,42956622,4080228862,3777383563,1,1,"(0.4744194447994232, 0.2587721645832062)","(0.4624069929122925, 0.282837837934494)",1,1,2.44281005859375,2.5149688720703125
001,initButtons,42956622,4080237195,3777391896,1,1,"(0.4758715331554413, 0.2511252462863922)","(0.46021780371665955, 0.3049032688140869)",1,1,2.4723968505859375,2.5430145263671875
001,initButtons,42956622,4080245528,3777400229,1,1,"(0.4722488522529602, 0.2802408039569855)","(0.45961233973503113, 0.2845587432384491)",1,1,2.5072784423828125,2.5217437744140625
001,initButtons,42956622,4080253862,3777408562,1,1,"(0.47231778502464294, 0.2715957462787628)","(0.45972713828086853, 0.2846105992794037)",1,1,2.46563720703125,2.521026611328125
001,initButtons,42956622,4080262196,3777416896,1,1,"(0.46849390864372253, 0.2709021270275116)","(0.46192100644111633, 0.28373584151268005)",1,1,2.4872894287109375,2.504486083984375
001,initButtons,42956622,4080270529,3777425229,1,1,"(0.474589079618454, 0.2661657929420471)","(0.4650428593158722, 0.27771979570388794)",1,1,2.4563751220703125,2.520751953125
001,initButtons,42956622,4080278863,3777433563,1,1,"(0.47781094908714294, 0.2635740637779236)","(0.4597223401069641, 0.2924049198627472)",1,1,2.4403228759765625,2.5209197998046875
001,initButtons,42956622,4080287196,3777441896,1,1,"(0.47486454248428345, 0.2664053440093994)","(0.4608389735221863, 0.2854873239994049)",1,1,2.4690704345703125,2.528961181640625
001,initButtons,42956622,4080295529,3777450229,1,1,"(0.47521546483039856, 0.26947271823883057)","(0.46359145641326904, 0.28255999088287354)",1,1,2.46484375,2.5228424072265625
001,initButtons,42956622,4080303863,3777458563,1,1,"(0.4726030230522156, 0.2633480131626129)","(0.460895299911499, 0.28872549533843994)",1,1,2.4712371826171875,2.5124359130859375
001,initButtons,42956622,4080312196,3777466896,1,1,"(0.4731264114379883, 0.2623099088668823)","(0.46005162596702576, 0.28196942806243896)",1,1,2.4658966064453125,2.5245513916015625
001,initButtons,42956622,4080320529,3777475229,1,1,"(0.4632195234298706, 0.26951366662979126)","(0.45589807629585266, 0.27790847420692444)",1,1,2.491729736328125,2.5253448486328125
001,initButtons,42956622,4080328867,3777483567,1,1,"(0.4160864055156708, 0.24406911432743073)","(0.41068679094314575, 0.24483942985534668)",1,1,2.5254364013671875,2.5566253662109375
001,initButtons,42956622,4080337199,3777491899,1,1,"(0.391095370054245, 0.20179785788059235)","(0.3856370449066162, 0.22306817770004272)",1,1,2.5189971923828125,2.5654296875
001,initButtons,42956622,4080345533,3777500233,1,1,"(0.37702086567878723, 0.1849299818277359)","(0.36068642139434814, 0.21438151597976685)",1,1,2.537261962890625,2.5952911376953125
001,initButtons,42956622,4080353867,3777508567,1,1,"(0.3590070903301239, 0.17726311087608337)","(0.34418654441833496, 0.20755940675735474)",1,1,2.531646728515625,2.6178131103515625
001,initButtons,42956622,4080362200,3777516900,1,1,"(0.36459437012672424, 0.18671534955501556)","(0.3453129827976227, 0.19829575717449188)",1,1,2.5353546142578125,2.6225738525390625
001,initButtons,42956622,4080370533,3777525233,1,1,"(0.3735581934452057, 0.18248909711837769)","(0.344788521528244, 0.19542844593524933)",1,1,2.5428009033203125,2.6290283203125
001,initButtons,42956622,4080378866,3777533566,1,1,"(0.36562275886535645, 0.1689135879278183)","(0.33774635195732117, 0.19553963840007782)",1,1,2.5406951904296875,2.6167755126953125
001,initButtons,42956622,4080387200,3777541900,1,1,"(0.3688497245311737, 0.19125305116176605)","(0.34519001841545105, 0.19524253904819489)",1,1,2.5693511962890625,2.63861083984375
001,initButtons,42956622,4080395533,3777550233,1,1,"(0.35998600721359253, 0.18842332065105438)","(0.34285011887550354, 0.19950254261493683)",1,1,2.5652008056640625,2.639739990234375
001,initButtons,42956622,4080403866,3777558566,1,1,"(0.369765967130661, 0.17796871066093445)","(0.3469294011592865, 0.201555997133255)",1,1,2.530303955078125,2.623931884765625
001,initButtons,42956622,4080412200,3777566900,1,1,"(0.3689926266670227, 0.18141382932662964)","(0.3441625237464905, 0.19371452927589417)",1,1,2.5433502197265625,2.6038665771484375
001,initButtons,42956622,4080420533,3777575233,1,1,"(0.3686821758747101, 0.1890978217124939)","(0.3469124138355255, 0.1928076297044754)",1,1,2.516265869140625,2.6334075927734375
001,initButtons,42956622,4080428867,3777583567,1,1,"(0.36514052748680115, 0.19385258853435516)","(0.34436696767807007, 0.20187656581401825)",1,1,2.5340118408203125,2.6177825927734375
001,initButtons,42956622,4080437200,3777591900,1,1,"(0.368127703666687, 0.18558357656002045)","(0.3412584960460663, 0.19457010924816132)",1,1,2.5479736328125,2.624053955078125
001,initButtons,42956622,4080445533,3777600233,1,1,"(0.36257386207580566, 0.18020851910114288)","(0.3454398810863495, 0.19561147689819336)",1,1,2.529266357421875,2.6175079345703125
001,initButtons,42956622,4080453871,3777608571,1,1,"(0.36697250604629517, 0.17910930514335632)","(0.34417736530303955, 0.19880281388759613)",1,1,2.5462799072265625,2.6242523193359375
001,initButtons,42956622,4080462204,3777616904,1,1,"(0.3665679395198822, 0.18418659269809723)","(0.34428665041923523, 0.1996559500694275)",1,1,2.5443115234375,2.622802734375
001,initButtons,42956622,4080470537,3777625237,1,1,"(0.3691074848175049, 0.18742981553077698)","(0.3456903398036957, 0.19334733486175537)",1,1,2.521728515625,2.6126708984375
001,initButtons,42956622,4080478870,3777633570,1,1,"(0.3688598573207855, 0.1824754774570465)","(0.33777502179145813, 0.19375216960906982)",1,1,2.564605712890625,2.612030029296875
001,initButtons,42956622,4080487203,3777641903,1,1,"(0.3686395287513733, 0.19874772429466248)","(0.3453579246997833, 0.1915791779756546)",1,1,2.5536041259765625,2.5994720458984375
001,initButtons,42956622,4080495537,3777650237,1,1,"(0.3642233908176422, 0.19003145396709442)","(0.34085291624069214, 0.19674286246299744)",1,1,2.543975830078125,2.6070404052734375
001,initButtons,42956622,4080503870,3777658570,1,1,"(0.3632253408432007, 0.19198109209537506)","(0.34217768907546997, 0.2087400257587433)",1,1,2.5780792236328125,2.6307525634765625
001,initButtons,42956622,4080512204,3777666904,1,1,"(0.36704221367836, 0.1949014812707901)","(0.34164971113204956, 0.19138406217098236)",1,1,2.5441741943359375,2.6096649169921875
001,initButtons,42956622,4080520537,3777675237,1,1,"(0.36217090487480164, 0.18099570274353027)","(0.3446875214576721, 0.19345620274543762)",1,1,2.5427703857421875,2.6078338623046875
001,initButtons,42956622,4080528870,3777683570,1,1,"(0.3700074255466461, 0.18176573514938354)","(0.345265656709671, 0.1974526345729828)",1,1,2.4939117431640625,2.598785400390625
001,initButtons,42956622,4080537203,3777691903,1,1,"(0.36277008056640625, 0.17901179194450378)","(0.3455825746059418, 0.1966816782951355)",1,1,2.5391387939453125,2.5971527099609375
001,initButtons,42956622,4080545537,3777700237,1,1,"(0.3703599274158478, 0.18069006502628326)","(0.34119468927383423, 0.1911274939775467)",1,1,2.518218994140625,2.6258544921875
001,initButtons,42956622,4080553870,3777708570,1,1,"(0.36410680413246155, 0.1661945879459381)","(0.34513312578201294, 0.2000505030155182)",1,1,2.516998291015625,2.599395751953125
001,initButtons,42956622,4080562203,3777716903,1,1,"(0.3676927387714386, 0.172855943441391)","(0.34534743428230286, 0.18875597417354584)",1,1,2.522918701171875,2.5796051025390625
001,initButtons,42956622,4080570537,3777725237,1,1,"(0.3696088194847107, 0.18108634650707245)","(0.3418586552143097, 0.19997183978557587)",1,1,2.5259552001953125,2.61669921875
001,initButtons,42956622,4080578870,3777733570,1,1,"(0.3636306822299957, 0.190689817070961)","(0.34191516041755676, 0.19421102106571198)",1,1,2.5485992431640625,2.5851287841796875
001,initButtons,42956622,4080587210,3777741910,1,1,"(0.36465853452682495, 0.18440937995910645)","(0.34298616647720337, 0.19633032381534576)",1,1,2.5418701171875,2.57891845703125
001,initButtons,42956622,4080595543,3777750243,1,1,"(0.369954377412796, 0.18817250430583954)","(0.34824270009994507, 0.20542728900909424)",1,1,2.515380859375,2.595916748046875
001,initButtons,42956622,4080603876,3777758576,1,1,"(0.4104733169078827, 0.2071913182735443)","(0.408612996339798, 0.2349853366613388)",1,1,2.4808807373046875,2.5608673095703125
001,initButtons,42956622,4080612209,3777766909,1,1,"(0.4748693108558655, 0.22004620730876923)","(0.49443572759628296, 0.2521526515483856)",1,1,2.475799560546875,2.5315399169921875
001,initButtons,42956622,4080620543,3777775243,1,1,"(0.5373735427856445, 0.24824805557727814)","(0.5405518412590027, 0.272737056016922)",1,1,2.463653564453125,2.5245513916015625
001,initButtons,42956622,4080628876,3777783576,1,1,"(0.5639340281486511, 0.25455212593078613)","(0.5646228790283203, 0.29239892959594727)",1,1,2.4520721435546875,2.5018768310546875
001,initButtons,42956622,4080637210,3777791910,1,1,"(0.5704736113548279, 0.2627633810043335)","(0.5591552257537842, 0.28756600618362427)",1,1,2.4539337158203125,2.493316650390625
001,initButtons,42956622,4080645543,3777800243,1,1,"(0.5760460495948792, 0.25903546810150146)","(0.5643287897109985, 0.28457316756248474)",1,1,2.45208740234375,2.490753173828125
001,initButtons,42956622,4080653876,3777808576,1,1,"(0.579390823841095, 0.2746318578720093)","(0.572702944278717, 0.29107481241226196)",1,1,2.45208740234375,2.50469970703125
001,initButtons,42956622,4080662209,3777816909,1,1,"(0.5793858766555786, 0.2804548740386963)","(0.5677083730697632, 0.2928650677204132)",1,1,2.470703125,2.4990081787109375
001,initButtons,42956622,4080670543,3777825243,1,1,"(0.5782467126846313, 0.2695307731628418)","(0.5659546852111816, 0.2958403527736664)",1,1,2.44732666015625,2.488067626953125
001,initButtons,42956622,4080678867,3777833567,1,1,"(0.5758618712425232, 0.27884262800216675)","(0.5651236176490784, 0.29850998520851135)",1,1,2.4714202880859375,2.49273681640625
001,initButtons,42956622,4080687209,3777841909,1,1,"(0.5757367014884949, 0.28182318806648254)","(0.5616047978401184, 0.2926081120967865)",1,1,2.464019775390625,2.48114013671875
001,initButtons,42956622,4080695543,3777850243,1,1,"(0.5779528617858887, 0.25798314809799194)","(0.5635219216346741, 0.3009548485279083)",1,1,2.4214630126953125,2.484832763671875
001,initButtons,42956622,4080703876,3777858576,1,1,"(0.5803734064102173, 0.26985710859298706)","(0.563427746295929, 0.293442040681839)",1,1,2.42034912109375,2.4962310791015625
001,initButtons,42956622,4080712201,3777866901,1,1,"(0.5794081091880798, 0.2696548402309418)","(0.5641332864761353, 0.29284125566482544)",1,1,2.456451416015625,2.4832916259765625
001,initButtons,42956622,4080720547,3777875247,1,1,"(0.5765066146850586, 0.26882508397102356)","(0.5668101906776428, 0.2990877032279968)",1,1,2.4493408203125,2.4910888671875
001,initButtons,42956622,4080728880,3777883580,1,1,"(0.5753536820411682, 0.2763163149356842)","(0.570018470287323, 0.29398226737976074)",1,1,2.449951171875,2.49273681640625
001,initButtons,42956622,4080737213,3777891913,1,1,"(0.5776325464248657, 0.27564263343811035)","(0.5665826201438904, 0.2920273244380951)",1,1,2.4609375,2.5018310546875
001,initButtons,42956622,4080745547,3777900247,1,1,"(0.5771653652191162, 0.26903486251831055)","(0.5645191073417664, 0.29820337891578674)",1,1,2.44891357421875,2.4745330810546875
001,initButtons,42956622,4080753880,3777908580,1,1,"(0.5825783014297485, 0.28255435824394226)","(0.5656716227531433, 0.2891237735748291)",1,1,2.4536895751953125,2.4940338134765625
001,initButtons,42956622,4080762205,3777916905,1,1,"(0.5812729597091675, 0.28168463706970215)","(0.5650568604469299, 0.29165250062942505)",1,1,2.4478302001953125,2.4818878173828125
001,initButtons,42956622,4080770546,3777925246,1,1,"(0.5763909220695496, 0.2790299654006958)","(0.5667187571525574, 0.29343071579933167)",1,1,2.4688873291015625,2.495513916015625
001,initButtons,42956622,4080778880,3777933580,1,1,"(0.5769772529602051, 0.2773081958293915)","(0.5660825967788696, 0.2931014597415924)",1,1,2.4570770263671875,2.464202880859375
001,initButtons,42956622,4080787213,3777941913,1,1,"(0.57486492395401, 0.2724074125289917)","(0.5677895545959473, 0.29410359263420105)",1,1,2.4477081298828125,2.5037841796875
001,initButtons,42956622,4080795547,3777950247,1,1,"(0.5760416984558105, 0.30400192737579346)","(0.5665693879127502, 0.2972383499145508)",1,1,2.558013916015625,2.5062103271484375
001,initButtons,42956622,4080803880,3777958580,1,1,"(0.5792778134346008, 0.2824866771697998)","(0.566794753074646, 0.29301875829696655)",1,1,2.47686767578125,2.4958038330078125
001,initButtons,42956622,4080812213,3777966913,1,1,"(0.5754207968711853, 0.2836149334907532)","(0.5672116279602051, 0.2930055856704712)",1,1,2.474639892578125,2.517913818359375
001,initButtons,42956622,4080820546,3777975246,1,1,"(0.5825547575950623, 0.2807914912700653)","(0.5643749237060547, 0.29921460151672363)",1,1,2.44329833984375,2.4981536865234375
001,initButtons,42956622,4080828880,3777983580,1,1,"(0.5761920213699341, 0.2770545780658722)","(0.5661528706550598, 0.2944895923137665)",1,1,2.4542236328125,2.5068359375
001,initButtons,42956622,4080837214,3777991914,1,1,"(0.576694130897522, 0.2740950286388397)","(0.5660309791564941, 0.2974050045013428)",1,1,2.4618377685546875,2.490936279296875
001,initButtons,42956622,4080845546,3778000246,1,1,"(0.5792723298072815, 0.2732982039451599)","(0.566551923751831, 0.3051963448524475)",1,1,2.4524688720703125,2.4986114501953125
001,initButtons,42956622,4080853886,3778008586,1,1,"(0.5739437341690063, 0.26286032795906067)","(0.563197910785675, 0.2941723167896271)",1,1,2.4543609619140625,2.512359619140625
001,initButtons,42956622,4080862219,3778016919,1,1,"(0.5732645392417908, 0.301446795463562)","(0.5529425740242004, 0.3099089562892914)",1,1,2.4433746337890625,2.46844482421875
001,initButtons,42956622,4080870552,3778025252,1,1,"(0.5702636241912842, 0.288006991147995)","(0.5603368282318115, 0.32124271988868713)",1,1,2.421142578125,2.49847412109375
001,initButtons,42956622,4080878886,3778033586,1,1,"(0.57478928565979, 0.2936311364173889)","(0.5593345761299133, 0.3166431784629822)",1,1,2.4452056884765625,2.51019287109375
001,initButtons,42956622,4080887219,3778041919,1,1,"(0.5701532959938049, 0.29025745391845703)","(0.5564573407173157, 0.31703054904937744)",1,1,2.45733642578125,2.47479248046875
001,initButtons,42956622,4080895552,3778050252,1,1,"(0.5743810534477234, 0.2869540750980377)","(0.5591564774513245, 0.3162088394165039)",1,1,2.436370849609375,2.50701904296875
001,initButtons,42956622,4080903886,3778058586,1,1,"(0.5648832321166992, 0.30587828159332275)","(0.5581359267234802, 0.3121715486049652)",1,1,2.4552459716796875,2.480987548828125
001,initButtons,42956622,4080912219,3778066919,1,1,"(0.5729764699935913, 0.272780179977417)","(0.5611600279808044, 0.31223064661026)",1,1,2.40167236328125,2.490234375
001,initButtons,42956622,4080920552,3778075252,1,1,"(0.5763118267059326, 0.29326555132865906)","(0.5593509674072266, 0.3165316581726074)",1,1,2.428009033203125,2.504730224609375
001,initButtons,42956622,4080928886,3778083586,1,1,"(0.5709418058395386, 0.2939097583293915)","(0.5569531917572021, 0.31556230783462524)",1,1,2.4615325927734375,2.4983673095703125
001,initButtons,42956622,4080937219,3778091919,1,1,"(0.5693819522857666, 0.28761011362075806)","(0.5603293776512146, 0.3143511414527893)",1,1,2.4545745849609375,2.5134124755859375
001,initButtons,42956622,4080945552,3778100252,1,1,"(0.5695010423660278, 0.28543564677238464)","(0.55854731798172, 0.3180416226387024)",1,1,2.4344024658203125,2.5010986328125
001,initButtons,42956622,4080953886,3778108586,1,1,"(0.5705185532569885, 0.29367876052856445)","(0.561147153377533, 0.32228800654411316)",1,1,2.448211669921875,2.4962310791015625
001,initButtons,42956622,4080962219,3778116919,1,1,"(0.571353018283844, 0.28587809205055237)","(0.558468222618103, 0.3183463513851166)",1,1,2.4358062744140625,2.4990692138671875
001,initButtons,42956622,4080970552,3778125252,1,1,"(0.5710422396659851, 0.2931218445301056)","(0.555079996585846, 0.31782159209251404)",1,1,2.4464263916015625,2.50146484375
001,initButtons,42956622,4080978886,3778133586,1,1,"(0.5731559991836548, 0.2937781512737274)","(0.5587947964668274, 0.3171357214450836)",1,1,2.46795654296875,2.5229949951171875
001,initButtons,42956622,4080987222,3778141922,1,1,"(0.5715157985687256, 0.28401246666908264)","(0.5565891861915588, 0.31585073471069336)",1,1,2.42559814453125,2.501556396484375
001,initButtons,42956622,4080995555,3778150255,1,1,"(0.5712493062019348, 0.28778988122940063)","(0.5556492209434509, 0.3125818967819214)",1,1,2.4640655517578125,2.5182342529296875
001,initButtons,42956622,4081003887,3778158587,1,1,"(0.5689427852630615, 0.28853026032447815)","(0.5554507374763489, 0.3132946193218231)",1,1,2.433319091796875,2.498626708984375
001,initButtons,42956622,4081012220,3778166920,1,1,"(0.5757656693458557, 0.28886640071868896)","(0.5565823912620544, 0.3201749324798584)",1,1,2.43170166015625,2.5005645751953125
001,initButtons,42956622,4081020553,3778175253,1,1,"(0.5742403268814087, 0.27774813771247864)","(0.5574586391448975, 0.3117831349372864)",1,1,2.4542236328125,2.5020904541015625
001,initButtons,42956622,4081028887,3778183587,1,1,"(0.5713784098625183, 0.33242714405059814)","(0.5561249256134033, 0.3152484893798828)",1,1,2.5588836669921875,2.501861572265625
001,initButtons,42956622,4081037220,3778191920,1,1,"(0.5724488496780396, 0.28961387276649475)","(0.5596290826797485, 0.3198072612285614)",1,1,2.462554931640625,2.4761505126953125
001,initButtons,42956622,4081045553,3778200253,1,1,"(0.575400710105896, 0.28673166036605835)","(0.559842050075531, 0.32057181000709534)",1,1,2.44976806640625,2.523590087890625
001,initButtons,42956622,4081053887,3778208587,1,1,"(0.5825124979019165, 0.2874319851398468)","(0.5663290023803711, 0.32836678624153137)",1,1,2.4562835693359375,2.4930572509765625
001,initButtons,42956622,4081062220,3778216920,1,1,"(0.5787663459777832, 0.293990820646286)","(0.56635981798172, 0.32794222235679626)",1,1,2.4327850341796875,2.5134429931640625
001,initButtons,42956622,4081070553,3778225253,1,1,"(0.5701664090156555, 0.30295658111572266)","(0.5639821290969849, 0.3275018334388733)",1,1,2.4836578369140625,2.492431640625
001,initButtons,42956622,4081078887,3778233587,1,1,"(0.5771737098693848, 0.29695048928260803)","(0.5620028376579285, 0.31977203488349915)",1,1,2.4585723876953125,2.4959259033203125
001,initButtons,42956622,4081087220,3778241920,1,1,"(0.5776011347770691, 0.30102458596229553)","(0.5686304569244385, 0.31798824667930603)",1,1,2.4710540771484375,2.5026702880859375
001,initButtons,42956622,4081095553,3778250253,1,1,"(0.5790929794311523, 0.2960911989212036)","(0.5643695592880249, 0.3326621949672699)",1,1,2.456085205078125,2.509063720703125
001,initButtons,42956622,4081103887,3778258587,1,1,"(0.5753289461135864, 0.3041394054889679)","(0.5648113489151001, 0.31747204065322876)",1,1,2.454345703125,2.5093841552734375
001,initButtons,42956622,4081112224,3778266924,1,1,"(0.5817962288856506, 0.3036312758922577)","(0.5691046714782715, 0.32388806343078613)",1,1,2.464141845703125,2.4881134033203125
001,initButtons,42956622,4081120557,3778275257,1,1,"(0.579749584197998, 0.29735568165779114)","(0.5677786469459534, 0.3232472538948059)",1,1,2.450714111328125,2.483856201171875
001,initButtons,42956622,4081128891,3778283591,1,1,"(0.5782709717750549, 0.305939644575119)","(0.564044177532196, 0.3230481743812561)",1,1,2.484466552734375,2.5025787353515625
001,initButtons,42956622,4081137224,3778291924,1,1,"(0.5738996267318726, 0.29134637117385864)","(0.5673497319221497, 0.3217739760875702)",1,1,2.47479248046875,2.4763031005859375
001,initButtons,42956622,4081145558,3778300258,1,1,"(0.5700703859329224, 0.29751139879226685)","(0.5644274353981018, 0.32504498958587646)",1,1,2.4784698486328125,2.492095947265625
001,initButtons,42956622,4081153891,3778308591,1,1,"(0.5819115042686462, 0.306252658367157)","(0.564978301525116, 0.3282904028892517)",1,1,2.49444580078125,2.5029754638671875
001,initButtons,42956622,4081162224,3778316924,1,1,"(0.5841203331947327, 0.2952585220336914)","(0.5678395628929138, 0.32082974910736084)",1,1,2.4465484619140625,2.4877471923828125
001,initButtons,42956622,4081170558,3778325258,1,1,"(0.5759667754173279, 0.3023523688316345)","(0.5689274668693542, 0.3263036012649536)",1,1,2.4448699951171875,2.4985809326171875
001,initButtons,42956622,4081178891,3778333591,1,1,"(0.5809263586997986, 0.2980663478374481)","(0.568610429763794, 0.3213983178138733)",1,1,2.4340057373046875,2.48699951171875
001,initButtons,42956622,4081187224,3778341924,1,1,"(0.577942430973053, 0.31267356872558594)","(0.5650076866149902, 0.3264831602573395)",1,1,2.50225830078125,2.47418212890625
001,initButtons,42956622,4081195557,3778350257,1,1,"(0.5774720907211304, 0.30482256412506104)","(0.5668072700500488, 0.31543463468551636)",1,1,2.4662933349609375,2.4756927490234375
001,initButtons,42956622,4081203890,3778358591,1,1,"(0.5813319087028503, 0.2949776351451874)","(0.5651935338973999, 0.3228157162666321)",1,1,2.4488525390625,2.4920501708984375
001,initButtons,42956622,4081212224,3778366924,1,1,"(0.5785419940948486, 0.29697543382644653)","(0.5659924745559692, 0.3241659700870514)",1,1,2.429779052734375,2.4812774658203125
001,initButtons,42956622,4081220557,3778375257,1,1,"(0.5797441005706787, 0.29107290506362915)","(0.5658260583877563, 0.32776913046836853)",1,1,2.4423065185546875,2.5014190673828125
001,initButtons,42956622,4081228891,3778383591,1,1,"(0.5793554782867432, 0.2995172441005707)","(0.5678802728652954, 0.3270912170410156)",1,1,2.4397125244140625,2.501434326171875
001,initButtons,42956622,4081237224,3778391924,1,1,"(0.5759485960006714, 0.2997564971446991)","(0.565640389919281, 0.32514581084251404)",1,1,2.4281158447265625,2.5019989013671875
001,initButtons,42956622,4081245564,3778400264,1,1,"(0.58258455991745, 0.29358288645744324)","(0.5666969418525696, 0.3262295126914978)",1,1,2.447021484375,2.4843597412109375
001,initButtons,42956622,4081253898,3778408598,1,1,"(0.5770422220230103, 0.3070419132709503)","(0.5673035383224487, 0.3285523056983948)",1,1,2.49810791015625,2.5089569091796875
001,initButtons,42956622,4081262231,3778416931,1,1,"(0.5833674669265747, 0.29482337832450867)","(0.562711238861084, 0.33403587341308594)",1,1,2.4462890625,2.49810791015625
001,initButtons,42956622,4081270565,3778425265,1,1,"(0.5764099359512329, 0.2978162169456482)","(0.567095160484314, 0.32310250401496887)",1,1,2.4432220458984375,2.479705810546875
001,initButtons,42956622,4081278897,3778433597,1,1,"(0.577140212059021, 0.2837221324443817)","(0.5669931173324585, 0.3249197006225586)",1,1,2.418426513671875,2.47772216796875
001,initButtons,42956622,4081287231,3778441931,1,1,"(0.5815366506576538, 0.2994179427623749)","(0.5694336295127869, 0.3302501142024994)",1,1,2.4278564453125,2.4957122802734375
001,initButtons,42956622,4081295565,3778450265,1,1,"(0.5810052156448364, 0.29609841108322144)","(0.5636876225471497, 0.32418912649154663)",1,1,2.42987060546875,2.4735870361328125
001,initButtons,42956622,4081303897,3778458597,1,1,"(0.5882783532142639, 0.2997734546661377)","(0.5639188289642334, 0.3350188732147217)",1,1,2.4285125732421875,2.5084991455078125
001,initButtons,42956622,4081312231,3778466931,1,1,"(0.5836776494979858, 0.29003918170928955)","(0.5713725090026855, 0.32625076174736023)",1,1,2.4482574462890625,2.469024658203125
001,initButtons,42956622,4081320564,3778475264,1,1,"(0.5798909664154053, 0.3008863925933838)","(0.5648795962333679, 0.3286447525024414)",1,1,2.417510986328125,2.4908599853515625
001,initButtons,42956622,4081328898,3778483598,1,1,"(0.5812056064605713, 0.2966330051422119)","(0.5630425810813904, 0.32470354437828064)",1,1,2.432952880859375,2.50634765625
001,initButtons,42956622,4081337231,3778491931,1,1,"(0.5826234817504883, 0.29099294543266296)","(0.5662959218025208, 0.3239743411540985)",1,1,2.4388580322265625,2.46728515625
001,initButtons,42956622,4081345564,3778500264,1,1,"(0.5720170736312866, 0.3063906729221344)","(0.5663683414459229, 0.32734283804893494)",1,1,2.4426727294921875,2.487030029296875
001,initButtons,42956622,4081353898,3778508598,1,1,"(0.5713393092155457, 0.29809877276420593)","(0.5677846670150757, 0.3270353674888611)",1,1,2.4273529052734375,2.49591064453125
001,initButtons,42956622,4081362231,3778516931,1,1,"(0.5792531371116638, 0.3004388213157654)","(0.5623982548713684, 0.32890933752059937)",1,1,2.419403076171875,2.4835968017578125
001,initButtons,42956622,4081370565,3778525265,1,1,"(0.579758882522583, 0.29369041323661804)","(0.5675408840179443, 0.3324822783470154)",1,1,2.4424285888671875,2.49578857421875
001,initButtons,42956622,4081378902,3778533602,1,1,"(0.5728763341903687, 0.2955699563026428)","(0.5672783851623535, 0.33298033475875854)",1,1,2.4189453125,2.4845428466796875
001,initButtons,42956622,4081387235,3778541935,1,1,"(0.578757643699646, 0.30502113699913025)","(0.5626989006996155, 0.320012629032135)",1,1,2.415283203125,2.477142333984375
001,initButtons,42956622,4081395569,3778550269,1,1,"(0.5731412172317505, 0.3073474168777466)","(0.5644727349281311, 0.32391414046287537)",1,1,2.449462890625,2.477508544921875
001,initButtons,42956622,4081403901,3778558601,1,1,"(0.5808737874031067, 0.30716535449028015)","(0.5659568309783936, 0.32692912220954895)",1,1,2.436248779296875,2.47772216796875
001,initButtons,42956622,4081412235,3778566935,1,1,"(0.5766968727111816, 0.29543307423591614)","(0.5624502897262573, 0.32627934217453003)",1,1,2.402435302734375,2.4582977294921875
001,initButtons,42956622,4081420569,3778575269,1,1,"(0.5763714909553528, 0.2961229383945465)","(0.5627886056900024, 0.3270748555660248)",1,1,2.4400634765625,2.4801483154296875
001,initButtons,42956622,4081428901,3778583601,1,1,"(0.5765247344970703, 0.29403072595596313)","(0.5617676377296448, 0.32525089383125305)",1,1,2.417633056640625,2.479278564453125
001,initButtons,42956622,4081437235,3778591935,1,1,"(0.5774440765380859, 0.29432976245880127)","(0.5659030079841614, 0.32545483112335205)",1,1,2.42779541015625,2.4795074462890625
001,initButtons,42956622,4081445569,3778600269,1,1,"(0.5708487033843994, 0.3019240200519562)","(0.5609090328216553, 0.3306032717227936)",1,1,2.4330291748046875,2.4858856201171875
001,initButtons,42956622,4081453901,3778608601,1,1,"(0.5781748294830322, 0.29657045006752014)","(0.5662494897842407, 0.3166132867336273)",1,1,2.43975830078125,2.46441650390625
001,initButtons,42956622,4081462235,3778616935,1,1,"(0.5779743194580078, 0.29279613494873047)","(0.5673206448554993, 0.3266461491584778)",1,1,2.4280242919921875,2.4595489501953125
001,initButtons,42956622,4081470568,3778625268,1,1,"(0.5772530436515808, 0.2905908226966858)","(0.5660793781280518, 0.3269665241241455)",1,1,2.40887451171875,2.4828033447265625
001,initButtons,42956622,4081478901,3778633601,1,1,"(0.5767852067947388, 0.3012048900127411)","(0.5653429627418518, 0.32094424962997437)",1,1,2.4031219482421875,2.46942138671875
001,initButtons,42956622,4081487235,3778641935,1,1,"(0.5742546916007996, 0.3008648157119751)","(0.5655400156974792, 0.3178711235523224)",1,1,2.4222259521484375,2.465576171875
001,initButtons,42956622,4081495569,3778650269,1,1,"(0.5821911692619324, 0.2952783405780792)","(0.5620551109313965, 0.3199458122253418)",1,1,2.4041900634765625,2.4844970703125
001,initButtons,42956622,4081503906,3778658606,1,1,"(0.5774596929550171, 0.29374364018440247)","(0.5587230324745178, 0.32049107551574707)",1,1,2.4295196533203125,2.4740753173828125
001,initButtons,42956622,4081512239,3778666939,1,1,"(0.5753795504570007, 0.30039477348327637)","(0.5604958534240723, 0.3236222267150879)",1,1,2.395538330078125,2.478485107421875
001,initButtons,42956622,4081520570,3778675270,1,1,"(0.5787028670310974, 0.2930273115634918)","(0.5612092614173889, 0.32494422793388367)",1,1,2.4250030517578125,2.4769439697265625
001,initButtons,42956622,4081528903,3778683603,1,1,"(0.5742748379707336, 0.2993016839027405)","(0.5652166604995728, 0.3262399733066559)",1,1,2.419464111328125,2.4815521240234375
001,initButtons,42956622,4081537237,3778691937,1,1,"(0.5722984671592712, 0.293165922164917)","(0.563831090927124, 0.3247882127761841)",1,1,2.431488037109375,2.4664154052734375
001,initButtons,42956622,4081545570,3778700270,1,1,"(0.5785555839538574, 0.29253628849983215)","(0.5602783560752869, 0.328952819108963)",1,1,2.42498779296875,2.4884490966796875
001,initButtons,42956622,4081553904,3778708604,1,1,"(0.5804139971733093, 0.29537642002105713)","(0.5635989308357239, 0.32354676723480225)",1,1,2.4084625244140625,2.482635498046875
001,initButtons,42956622,4081562237,3778716937,1,1,"(0.5766412615776062, 0.29671791195869446)","(0.5668916702270508, 0.3274352252483368)",1,1,2.4286346435546875,2.4593048095703125
001,initButtons,42956622,4081570570,3778725270,1,1,"(0.5826869010925293, 0.29184308648109436)","(0.5615899562835693, 0.31939569115638733)",1,1,2.4175567626953125,2.47796630859375
001,initButtons,42956622,4081578904,3778733604,1,1,"(0.5850290656089783, 0.28966882824897766)","(0.5638194680213928, 0.32173386216163635)",1,1,2.4190216064453125,2.462371826171875
001,initButtons,42956622,4081587237,3778741937,1,1,"(0.5800037384033203, 0.2902822494506836)","(0.5654416084289551, 0.3224697709083557)",1,1,2.420196533203125,2.471527099609375
001,initButtons,42956622,4081595570,3778750270,1,1,"(0.5763759016990662, 0.28934216499328613)","(0.565039336681366, 0.3200339376926422)",1,1,2.40301513671875,2.4652557373046875
001,initButtons,42956622,4081603903,3778758603,1,1,"(0.5763221383094788, 0.29286476969718933)","(0.5679095983505249, 0.3169979155063629)",1,1,2.4282379150390625,2.4774932861328125
001,initButtons,42956622,4081612237,3778766937,1,1,"(0.5758967399597168, 0.3129890561103821)","(0.5679914951324463, 0.32112446427345276)",1,1,2.46514892578125,2.482940673828125
001,initButtons,42956622,4081620570,3778775270,1,1,"(0.5753280520439148, 0.2995469868183136)","(0.5658650994300842, 0.32479938864707947)",1,1,2.41497802734375,2.4741668701171875
001,initButtons,42956622,4081628904,3778783604,1,1,"(0.5751234889030457, 0.2982373833656311)","(0.5672423839569092, 0.3293761610984802)",1,1,2.4523773193359375,2.4671630859375
001,initButtons,42956622,4081637244,3778791944,1,1,"(0.5798422694206238, 0.29358959197998047)","(0.5653569102287292, 0.3168216645717621)",1,1,2.419189453125,2.4739227294921875
001,initButtons,42956622,4081645577,3778800277,1,1,"(0.5683190226554871, 0.2996876835823059)","(0.5627350211143494, 0.31863823533058167)",1,1,2.441497802734375,2.46014404296875
001,initButtons,42956622,4081653910,3778808610,1,1,"(0.577112078666687, 0.2998284697532654)","(0.5636003017425537, 0.32921287417411804)",1,1,2.440521240234375,2.466278076171875
001,initButtons,42956622,4081662244,3778816944,1,1,"(0.5766392350196838, 0.3042285442352295)","(0.5676853060722351, 0.323066383600235)",1,1,2.429656982421875,2.473236083984375
001,initButtons,42956622,4081670577,3778825277,1,1,"(0.5739365816116333, 0.2913458049297333)","(0.5632239580154419, 0.32284989953041077)",1,1,2.4576416015625,2.4502105712890625
001,initButtons,42956622,4081678911,3778833611,1,1,"(0.5758069753646851, 0.29621854424476624)","(0.5633066892623901, 0.3235885798931122)",1,1,2.420806884765625,2.46624755859375
001,initButtons,42956622,4081687244,3778841944,1,1,"(0.575171172618866, 0.29512301087379456)","(0.56581711769104, 0.3265225887298584)",1,1,2.4071197509765625,2.4654083251953125
001,initButtons,42956622,4081695577,3778850277,1,1,"(0.5751217603683472, 0.30083128809928894)","(0.5670784115791321, 0.32489389181137085)",1,1,2.4410400390625,2.4686737060546875
001,initButtons,42956622,4081703911,3778858611,1,1,"(0.5782581567764282, 0.2878301441669464)","(0.5631284713745117, 0.3298396170139313)",1,1,2.4156951904296875,2.463531494140625
001,initButtons,42956622,4081712244,3778866944,1,1,"(0.5743781924247742, 0.30253303050994873)","(0.5650522708892822, 0.33024853467941284)",1,1,2.429168701171875,2.4826507568359375
001,initButtons,42956622,4081720577,3778875277,1,1,"(0.577725350856781, 0.3001152276992798)","(0.5650539994239807, 0.3190547227859497)",1,1,2.4281463623046875,2.463470458984375
001,initButtons,42956622,4081728910,3778883610,1,1,"(0.5713582634925842, 0.2886619567871094)","(0.5617536902427673, 0.3266042470932007)",1,1,2.4178619384765625,2.4688262939453125
001,initButtons,42956622,4081737244,3778891944,1,1,"(0.570227324962616, 0.29453417658805847)","(0.5633540153503418, 0.3295963704586029)",1,1,2.4293060302734375,2.48492431640625
001,initButtons,42956622,4081745577,3778900277,1,1,"(0.5710709095001221, 0.3039506673812866)","(0.5640079975128174, 0.32830703258514404)",1,1,2.4412841796875,2.47052001953125
001,initButtons,42956622,4081753910,3778908610,1,1,"(0.5723868608474731, 0.3000345230102539)","(0.5610178709030151, 0.32389184832572937)",1,1,2.4185028076171875,2.481292724609375
001,initButtons,42956622,4081762244,3778916944,1,1,"(0.58009934425354, 0.29998114705085754)","(0.5599714517593384, 0.32494989037513733)",1,1,2.44110107421875,2.4760284423828125
001,initButtons,42956622,4081770580,3778925280,1,1,"(0.5744941234588623, 0.30793121457099915)","(0.5598247647285461, 0.3250024914741516)",1,1,2.4348297119140625,2.4697723388671875
001,initButtons,42956622,4081778914,3778933614,1,1,"(0.5838594436645508, 0.321261465549469)","(0.5681759715080261, 0.34824198484420776)",1,1,2.3975677490234375,2.468017578125
001,initButtons,42956622,4081787246,3778941946,1,1,"(0.5802446603775024, 0.3545636534690857)","(0.5688689351081848, 0.3754083812236786)",1,1,2.367706298828125,2.4369049072265625
001,initButtons,42956622,4081795580,3778950280,1,1,"(0.570607602596283, 0.38248056173324585)","(0.5567569732666016, 0.39814144372940063)",1,1,2.3730621337890625,2.420074462890625
001,initButtons,42956622,4081803913,3778958613,1,1,"(0.5814202427864075, 0.365573912858963)","(0.5681136846542358, 0.39937230944633484)",1,1,2.365325927734375,2.4247283935546875
001,initButtons,42956622,4081812248,3778966948,1,1,"(0.5801993608474731, 0.36494818329811096)","(0.5663124322891235, 0.39368104934692383)",1,1,2.3490753173828125,2.441680908203125
001,initButtons,42956622,4081820580,3778975280,1,1,"(0.578506588935852, 0.43554574251174927)","(0.5615490674972534, 0.4103539288043976)",1,1,2.4938201904296875,2.430999755859375
001,initButtons,42956622,4081828913,3778983613,1,1,"(0.5796428322792053, 0.405678391456604)","(0.5635783076286316, 0.3989516794681549)",1,1,2.4233856201171875,2.4168701171875
001,initButtons,42956622,4081837246,3778991946,1,1,"(0.5748375654220581, 0.3555091321468353)","(0.5589160323143005, 0.39846211671829224)",1,1,2.3043060302734375,2.4361572265625
001,initButtons,42956622,4081845580,3779000280,1,1,"(0.5778425931930542, 0.4113452732563019)","(0.562088668346405, 0.3945204019546509)",1,1,2.449371337890625,2.4019927978515625
001,initButtons,42956622,4081853913,3779008613,1,1,"(0.5734575390815735, 0.3484286665916443)","(0.563089907169342, 0.4014914035797119)",1,1,2.2880706787109375,2.433349609375
001,initButtons,42956622,4081862247,3779016947,1,1,"(0.5804024934768677, 0.34989362955093384)","(0.5624936819076538, 0.3954924941062927)",1,1,2.3148193359375,2.4065399169921875
001,initButtons,42956622,4081870580,3779025280,1,1,"(0.5759810209274292, 0.35861265659332275)","(0.5608888268470764, 0.3968490660190582)",1,1,2.3084716796875,2.4195098876953125
001,initButtons,42956622,4081878913,3779033613,1,1,"(0.5726771950721741, 0.35372602939605713)","(0.5655113458633423, 0.4038744270801544)",1,1,2.3087615966796875,2.430084228515625
001,initButtons,42956622,4081887246,3779041946,1,1,"(0.578274667263031, 0.37719276547431946)","(0.5639126896858215, 0.4063418507575989)",1,1,2.3333587646484375,2.4577789306640625
001,initButtons,42956622,4081895580,3779050280,1,1,"(0.5801675319671631, 0.3498097360134125)","(0.5646045804023743, 0.40427669882774353)",1,1,2.290191650390625,2.444580078125
001,initButtons,42956622,4081903918,3779058618,1,1,"(0.576035737991333, 0.3570578098297119)","(0.5668254494667053, 0.39935511350631714)",1,1,2.3048248291015625,2.4076995849609375
001,initButtons,42956622,4081912251,3779066951,0,1,"(nan, nan)","(0.5646340847015381, 0.39509469270706177)",0,1,nan,2.425537109375
001,initButtons,42956622,4081920585,3779075285,1,1,"(0.5796288847923279, 0.36430421471595764)","(0.5659493803977966, 0.3975730836391449)",1,1,2.33880615234375,2.4436798095703125
001,initButtons,42956622,4081928918,3779083618,1,1,"(0.5767160058021545, 0.3602905571460724)","(0.5636659860610962, 0.39973312616348267)",1,1,2.3482208251953125,2.4314727783203125
001,initButtons,42956622,4081937252,3779091952,1,1,"(0.5787383913993835, 0.39449185132980347)","(0.5656412839889526, 0.39706599712371826)",1,1,2.4365692138671875,2.408599853515625
001,initButtons,42956622,4081945585,3779100285,1,1,"(0.5840474963188171, 0.4170946180820465)","(0.5629156231880188, 0.4100838601589203)",1,1,2.498687744140625,2.4509429931640625
001,initButtons,42956622,4081953918,3779108618,1,1,"(0.5812160968780518, 0.4125981032848358)","(0.564288854598999, 0.39944300055503845)",1,1,2.452545166015625,2.4089813232421875
001,initButtons,42956622,4081962251,3779116951,1,1,"(0.5840286016464233, 0.3979075849056244)","(0.5644951462745667, 0.40058377385139465)",1,1,2.3973388671875,2.4311981201171875
001,initButtons,42956622,4081970585,3779125285,1,1,"(0.5753852128982544, 0.3880388140678406)","(0.5623668432235718, 0.3995182514190674)",1,1,2.432769775390625,2.4169769287109375
001,initButtons,42956622,4081978919,3779133619,1,1,"(0.5764986872673035, 0.37377461791038513)","(0.5570924282073975, 0.40145835280418396)",1,1,2.3539581298828125,2.4278564453125
001,initButtons,42956622,4081987251,3779141951,1,1,"(0.5765803456306458, 0.4276620149612427)","(0.5658074021339417, 0.3999210596084595)",1,1,2.477783203125,2.4499053955078125
001,initButtons,42956622,4081995585,3779150285,0,1,"(nan, nan)","(0.5660698413848877, 0.40056461095809937)",0,1,nan,2.437652587890625
001,initButtons,42956622,4082003918,3779158618,1,1,"(0.5791381001472473, 0.4168635606765747)","(0.5666389465332031, 0.39928320050239563)",1,1,2.449920654296875,2.445526123046875
001,initButtons,42956622,4082012251,3779166951,0,1,"(nan, nan)","(0.5694612860679626, 0.40314599871635437)",0,1,nan,2.414459228515625
001,initButtons,42956622,4082020585,3779175285,1,1,"(0.5849164128303528, 0.40062668919563293)","(0.570128321647644, 0.4076539874076843)",1,1,2.4012908935546875,2.427215576171875
001,initButtons,42956622,4082028921,3779183621,1,1,"(0.5834162831306458, 0.36034753918647766)","(0.5699551105499268, 0.4103831946849823)",1,1,2.2991485595703125,2.4176025390625
001,initButtons,42956622,4082037254,3779191954,0,1,"(nan, nan)","(0.5673695206642151, 0.4069232642650604)",0,1,nan,2.41693115234375
001,initButtons,42956622,4082045588,3779200288,1,1,"(0.5788211226463318, 0.4288645386695862)","(0.5734366178512573, 0.411129355430603)",1,1,2.4636688232421875,2.440643310546875
001,initButtons,42956622,4082053921,3779208621,0,1,"(nan, nan)","(0.565750002861023, 0.4216296672821045)",0,1,nan,2.4468994140625
001,initButtons,42956622,4082062255,3779216955,1,1,"(0.582675039768219, 0.42579981684684753)","(0.5689972043037415, 0.4070737361907959)",1,1,2.4496307373046875,2.4222869873046875
001,initButtons,42956622,4082070588,3779225288,1,1,"(0.5833924412727356, 0.43347182869911194)","(0.5692203044891357, 0.41107428073883057)",1,1,2.471710205078125,2.416534423828125
001,initButtons,42956622,4082078921,3779233621,1,1,"(0.577048659324646, 0.44836699962615967)","(0.5680379867553711, 0.41903021931648254)",1,1,2.5401153564453125,2.4400482177734375
001,initButtons,42956622,4082087254,3779241954,1,1,"(0.5808950066566467, 0.3563607633113861)","(0.5689017176628113, 0.41545093059539795)",1,1,2.298858642578125,2.4276123046875
001,initButtons,42956622,4082095588,3779250288,0,1,"(nan, nan)","(0.5701565742492676, 0.4040255844593048)",0,1,nan,2.4299774169921875
001,initButtons,42956622,4082103921,3779258621,1,1,"(0.5824439525604248, 0.35905227065086365)","(0.5707781910896301, 0.4028196632862091)",1,1,2.2859954833984375,2.42755126953125
001,initButtons,42956622,4082112254,3779266954,1,1,"(0.5831916928291321, 0.3878442049026489)","(0.5692402124404907, 0.40399977564811707)",1,1,2.3447418212890625,2.422149658203125
001,initButtons,42956622,4082120588,3779275288,1,1,"(0.5825313329696655, 0.3738013505935669)","(0.5677303671836853, 0.406785786151886)",1,1,2.3250579833984375,2.41143798828125
001,initButtons,42956622,4082128921,3779283621,1,1,"(0.5871893763542175, 0.35594654083251953)","(0.5663424134254456, 0.4021080732345581)",1,1,2.3232421875,2.396026611328125
001,initButtons,42956622,4082137255,3779291955,1,1,"(0.5774889588356018, 0.4515414535999298)","(0.5626534819602966, 0.39791789650917053)",1,1,2.4815673828125,2.413970947265625
001,initButtons,42956622,4082145588,3779300288,1,1,"(0.582472026348114, 0.3687795400619507)","(0.570735514163971, 0.4032089412212372)",1,1,2.3053436279296875,2.4198150634765625
001,initButtons,42956622,4082153921,3779308621,1,1,"(0.5746979713439941, 0.36522728204727173)","(0.5690438747406006, 0.4045110046863556)",1,1,2.32952880859375,2.4123992919921875
001,initButtons,42956622,4082162260,3779316960,0,1,"(nan, nan)","(0.5735271573066711, 0.41237425804138184)",0,1,nan,2.436065673828125
001,initButtons,42956622,4082170594,3779325294,1,1,"(0.5812644362449646, 0.3579355478286743)","(0.5671770572662354, 0.40591001510620117)",1,1,2.2935333251953125,2.4539947509765625
001,initButtons,42956622,4082178927,3779333627,1,1,"(0.5900343060493469, 0.4061119556427002)","(0.568583607673645, 0.41157522797584534)",1,1,2.41015625,2.4354248046875
001,initButtons,42956622,4082187260,3779341960,0,1,"(nan, nan)","(0.5689530372619629, 0.4125280976295471)",0,1,nan,2.4287261962890625
001,initButtons,42956622,4082195594,3779350294,1,1,"(0.5871654748916626, 0.4441084861755371)","(0.5672544240951538, 0.40344980359077454)",1,1,2.5167999267578125,2.4054107666015625
001,initButtons,42956622,4082203927,3779358627,0,1,"(nan, nan)","(0.5699100494384766, 0.40533074736595154)",0,1,nan,2.4276885986328125
001,initButtons,42956622,4082212261,3779366960,0,1,"(nan, nan)","(0.5700968503952026, 0.4092406630516052)",0,1,nan,2.43402099609375
001,initButtons,42956622,4082220595,3779375294,0,1,"(nan, nan)","(0.5702091455459595, 0.40826112031936646)",0,1,nan,2.454803466796875
001,initButtons,42956622,4082228928,3779383627,1,1,"(0.5762789249420166, 0.430224746465683)","(0.5673713684082031, 0.4126151204109192)",1,1,2.4654083251953125,2.432952880859375
001,initButtons,42956622,4082237261,3779391960,1,1,"(0.5838631987571716, 0.3649223744869232)","(0.5700696110725403, 0.4257155656814575)",1,1,2.313690185546875,2.4448394775390625
001,initButtons,42956622,4082245595,3779400294,0,1,"(nan, nan)","(0.5687801837921143, 0.4191807210445404)",0,1,nan,2.435821533203125
001,initButtons,42956622,4082253928,3779408627,1,1,"(0.582027018070221, 0.3644915521144867)","(0.5728138089179993, 0.4231104850769043)",1,1,2.30047607421875,2.43731689453125
001,initButtons,42956622,4082262262,3779416961,1,1,"(0.5866575837135315, 0.42899754643440247)","(0.5668333768844604, 0.4129756987094879)",1,1,2.4683380126953125,2.43585205078125
001,initButtons,42956622,4082270595,3779425294,1,1,"(0.5921533107757568, 0.3664795756340027)","(0.566695511341095, 0.40446358919143677)",1,1,2.29656982421875,2.4285888671875
001,initButtons,42956622,4082278928,3779433627,1,1,"(0.5847598910331726, 0.44404491782188416)","(0.5622003674507141, 0.4166882634162903)",1,1,2.53497314453125,2.4258575439453125
001,initButtons,42956622,4082287261,3779441960,1,1,"(0.5867906212806702, 0.391320139169693)","(0.5670113563537598, 0.4083712697029114)",1,1,2.376312255859375,2.4085845947265625
001,initButtons,42956622,4082295599,3779450298,1,1,"(0.5803094506263733, 0.39682289958000183)","(0.5662217736244202, 0.40399491786956787)",1,1,2.3939971923828125,2.400054931640625
001,initButtons,42956622,4082303932,3779458631,1,1,"(0.5811101198196411, 0.4339512884616852)","(0.5690489411354065, 0.39743730425834656)",1,1,2.4615325927734375,2.3778076171875
001,initButtons,42956622,4082312265,3779466964,0,1,"(nan, nan)","(0.5709856748580933, 0.4270645081996918)",0,1,nan,2.44171142578125
001,initButtons,42956622,4082320599,3779475298,0,1,"(nan, nan)","(0.5675936341285706, 0.4076254665851593)",0,1,nan,2.415008544921875
001,initButtons,42956622,4082328932,3779483631,1,1,"(0.5800339579582214, 0.3632739186286926)","(0.571658730506897, 0.4121520221233368)",1,1,2.2750244140625,2.4118194580078125
001,initButtons,42956622,4082337266,3779491965,1,1,"(0.5855562090873718, 0.4222850799560547)","(0.5697921514511108, 0.419347882270813)",1,1,2.4361114501953125,2.4370880126953125
001,initButtons,42956622,4082345599,3779500298,1,1,"(0.5820381045341492, 0.37336069345474243)","(0.5679385662078857, 0.42217156291007996)",1,1,2.281341552734375,2.414520263671875
001,initButtons,42956622,4082353932,3779508631,1,1,"(0.5805277824401855, 0.36363813281059265)","(0.5694685578346252, 0.41774940490722656)",1,1,2.2699737548828125,2.4197540283203125
001,initButtons,42956622,4082362265,3779516964,1,1,"(0.5858076214790344, 0.3613949120044708)","(0.5670764446258545, 0.4088902771472931)",1,1,2.2659759521484375,2.401275634765625
001,initButtons,42956622,4082370598,3779525297,1,1,"(0.579125702381134, 0.44048067927360535)","(0.5629210472106934, 0.4215719401836395)",1,1,2.4810791015625,2.431884765625
001,initButtons,42956622,4082378932,3779533631,1,1,"(0.5899485349655151, 0.387017160654068)","(0.5642743706703186, 0.4072437584400177)",1,1,2.349365234375,2.39892578125
001,initButtons,42956622,4082387265,3779541964,1,1,"(0.5835162401199341, 0.4077301323413849)","(0.5692696571350098, 0.4234704375267029)",1,1,2.3626708984375,2.404541015625
001,initButtons,42956622,4082395598,3779550297,1,1,"(0.5869799852371216, 0.3759056329727173)","(0.5615466833114624, 0.41407036781311035)",1,1,2.2736968994140625,2.3920135498046875
001,initButtons,42956622,4082403932,3779558631,1,1,"(0.5804323554039001, 0.3738883137702942)","(0.5615912079811096, 0.4191994071006775)",1,1,2.2995147705078125,2.3961334228515625
001,initButtons,42956622,4082412265,3779566964,1,1,"(0.5780948996543884, 0.3681547939777374)","(0.5687353014945984, 0.4079832434654236)",1,1,2.2854156494140625,2.4043426513671875
001,initButtons,42956622,4082420599,3779575298,1,1,"(0.5774452686309814, 0.3727159798145294)","(0.5648447871208191, 0.422189861536026)",1,1,2.3003692626953125,2.419830322265625
001,initButtons,42956622,4082428937,3779583636,1,1,"(0.5866219997406006, 0.4105883240699768)","(0.5640556812286377, 0.41627198457717896)",1,1,2.3856353759765625,2.401153564453125
001,initButtons,42956622,4082437270,3779591969,1,1,"(0.585401713848114, 0.4029056131839752)","(0.5657346844673157, 0.4239308834075928)",1,1,2.348388671875,2.42315673828125
001,initButtons,42956622,4082445603,3779600302,1,1,"(0.5859483480453491, 0.44772103428840637)","(0.5669554471969604, 0.4190118908882141)",1,1,2.461181640625,2.3995819091796875
001,initButtons,42956622,4082453936,3779608636,0,1,"(nan, nan)","(0.5687028765678406, 0.4187206029891968)",0,1,nan,2.4002532958984375
001,initButtons,42956622,4082462270,3779616970,1,1,"(0.5790931582450867, 0.48069658875465393)","(0.5631046295166016, 0.4157807528972626)",1,1,2.5452728271484375,2.3905792236328125
001,initButtons,42956622,4082470602,3779625302,1,1,"(0.5806381702423096, 0.4370718002319336)","(0.5657581090927124, 0.41878148913383484)",1,1,2.3863372802734375,2.408782958984375
001,initButtons,42956622,4082478936,3779633636,1,1,"(0.583899974822998, 0.45155349373817444)","(0.5674819946289062, 0.41794338822364807)",1,1,2.44427490234375,2.3925628662109375
001,initButtons,42956622,4082487269,3779641969,1,1,"(0.585379421710968, 0.4431333839893341)","(0.5657603740692139, 0.42092135548591614)",1,1,2.420745849609375,2.404052734375
001,initButtons,42956622,4082495602,3779650302,0,1,"(nan, nan)","(0.5652742981910706, 0.4225412607192993)",0,1,nan,2.3886871337890625
001,initButtons,42956622,4082503936,3779658636,0,1,"(nan, nan)","(0.5693768262863159, 0.4271748661994934)",0,1,nan,2.3899688720703125
001,initButtons,42956622,4082512269,3779666969,0,1,"(nan, nan)","(0.5655933618545532, 0.4287680983543396)",0,1,nan,2.3804779052734375
001,initButtons,42956622,4082520602,3779675302,1,1,"(0.5839232802391052, 0.3783842921257019)","(0.565532922744751, 0.41262373328208923)",1,1,2.25225830078125,2.3508148193359375
001,initButtons,42956622,4082528936,3779683636,0,1,"(nan, nan)","(0.5716902613639832, 0.4499002695083618)",0,1,nan,2.3286285400390625
001,initButtons,42956622,4082537269,3779691969,1,1,"(0.5803347826004028, 0.4259282648563385)","(0.5653521418571472, 0.4672811031341553)",1,1,2.212432861328125,2.318115234375
001,initButtons,42956622,4082545602,3779700302,0,0,"(nan, nan)","(nan, nan)",0,0,nan,nan
001,initButtons,42956622,4082553940,3779708640,0,1,"(nan, nan)","(0.5734214186668396, 0.4462094008922577)",0,1,nan,2.298370361328125
001,initButtons,42956622,4082562273,3779716973,0,1,"(nan, nan)","(0.5705571174621582, 0.44677531719207764)",0,1,nan,2.2950897216796875
001,initButtons,42956622,4082570606,3779725306,0,1,"(nan, nan)","(0.5675104856491089, 0.487667441368103)",0,1,nan,2.3729705810546875
001,initButtons,42956622,4082578940,3779733640,0,1,"(nan, nan)","(0.5690957903862, 0.4476068913936615)",0,1,nan,2.2655792236328125
001,initButtons,42956622,4082587273,3779741973,0,1,"(nan, nan)","(0.571699321269989, 0.45477765798568726)",0,1,nan,2.2808837890625
001,initButtons,42956622,4082595606,3779750306,0,1,"(nan, nan)","(0.5648770928382874, 0.454113245010376)",0,1,nan,2.298065185546875
001,initButtons,42956622,4082603940,3779758640,0,1,"(nan, nan)","(0.5645299553871155, 0.44417330622673035)",0,1,nan,2.2658843994140625
001,initButtons,42956622,4082612273,3779766973,0,1,"(nan, nan)","(0.5657942891120911, 0.4478338956832886)",0,1,nan,2.27191162109375
001,initButtons,42956622,4082620606,3779775306,0,1,"(nan, nan)","(0.5652337074279785, 0.487266480922699)",0,1,nan,2.3699951171875
001,initButtons,42956622,4082628940,3779783640,1,1,"(0.5752030611038208, 0.5182794332504272)","(0.565045177936554, 0.4478759467601776)",1,1,2.4145965576171875,2.2616424560546875
001,initButtons,42956622,4082637273,3779791973,0,1,"(nan, nan)","(0.5614041090011597, 0.4403519034385681)",0,1,nan,2.2556304931640625
001,initButtons,42956622,4082645606,3779800306,0,1,"(nan, nan)","(0.5675463676452637, 0.4761059284210205)",0,1,nan,2.3302459716796875
001,initButtons,42956622,4082653940,3779808640,0,1,"(nan, nan)","(0.5693710446357727, 0.49331581592559814)",0,1,nan,2.381103515625
001,initButtons,42956622,4082662273,3779816973,0,1,"(nan, nan)","(0.5632309913635254, 0.4829091727733612)",0,1,nan,2.3364715576171875
001,initButtons,42956622,4082670606,3779825306,0,1,"(nan, nan)","(0.5667502284049988, 0.4872974157333374)",0,1,nan,2.3668212890625
001,initButtons,42956622,4082678940,3779833640,1,1,"(0.5795198082923889, 0.492733359336853)","(0.5689595341682434, 0.49079394340515137)",1,1,2.3845367431640625,2.3775482177734375
001,initButtons,42956622,4082687277,3779841977,0,1,"(nan, nan)","(0.567459225654602, 0.5017868280410767)",0,1,nan,2.3938140869140625
001,initButtons,42956622,4082695610,3779850310,0,1,"(nan, nan)","(0.569403350353241, 0.4590851366519928)",0,1,nan,2.2897796630859375
001,initButtons,42956622,4082703944,3779858644,1,1,"(0.5780236721038818, 0.5319226384162903)","(0.56647127866745, 0.4985990822315216)",1,1,2.4180908203125,2.383636474609375
001,initButtons,42956622,4082712277,3779866977,0,1,"(nan, nan)","(0.5669375658035278, 0.48108574748039246)",0,1,nan,2.353973388671875
001,initButtons,42956622,4082720610,3779875310,1,1,"(0.5823230147361755, 0.5406621098518372)","(0.5646098852157593, 0.46936166286468506)",1,1,2.4395751953125,2.3726043701171875
001,initButtons,42956622,4082728944,3779883644,1,1,"(0.579205334186554, 0.5434061884880066)","(0.5672675371170044, 0.44418954849243164)",1,1,2.46502685546875,2.2808837890625
001,initButtons,42956622,4082737277,3779891977,0,1,"(nan, nan)","(0.5693433880805969, 0.4525168538093567)",0,1,nan,2.2902374267578125
001,initButtons,42956622,4082745610,3779900310,1,1,"(0.5724473595619202, 0.5189760327339172)","(0.5654885172843933, 0.4537357687950134)",1,1,2.4325103759765625,2.284515380859375
001,initButtons,42956622,4082753944,3779908644,1,1,"(0.5836482048034668, 0.5319771766662598)","(0.5725079774856567, 0.4529317319393158)",1,1,2.444732666015625,2.29925537109375
001,initButtons,42956622,4082762277,3779916977,0,1,"(nan, nan)","(0.5598104596138, 0.505100667476654)",0,1,nan,2.39776611328125
001,initButtons,42956622,4082770610,3779925310,0,1,"(nan, nan)","(0.5660514831542969, 0.47687289118766785)",0,1,nan,2.320343017578125
001,initButtons,42956622,4082778944,3779933644,1,1,"(0.5777078866958618, 0.49334126710891724)","(0.5662602186203003, 0.480090469121933)",1,1,2.38421630859375,2.3415374755859375
001,initButtons,42956622,4082787277,3779941977,0,1,"(nan, nan)","(0.5681573748588562, 0.4821174144744873)",0,1,nan,2.3549346923828125
001,initButtons,42956622,4082795610,3779950310,0,1,"(nan, nan)","(0.5652076601982117, 0.45845136046409607)",0,1,nan,2.2857513427734375
001,initButtons,42956622,4082803944,3779958644,0,1,"(nan, nan)","(0.5656578540802002, 0.4550188183784485)",0,1,nan,2.28228759765625
001,initButtons,42956622,4082812277,3779966977,0,1,"(nan, nan)","(0.5685772895812988, 0.5127851366996765)",0,1,nan,2.403778076171875
001,initButtons,42956622,4082820615,3779975315,0,1,"(nan, nan)","(0.5663071274757385, 0.512906551361084)",0,1,nan,2.4103851318359375
001,initButtons,42956622,4082828949,3779983649,1,1,"(0.5807239413261414, 0.5512399673461914)","(0.5673611164093018, 0.4481062591075897)",1,1,2.496002197265625,2.279510498046875
001,initButtons,42956622,4082837282,3779991982,0,1,"(nan, nan)","(0.5658621191978455, 0.45447805523872375)",0,1,nan,2.2636871337890625
001,initButtons,42956622,4082845615,3780000315,1,1,"(0.5789735317230225, 0.5231801867485046)","(0.568149209022522, 0.44973674416542053)",1,1,2.4199981689453125,2.2856903076171875
001,initButtons,42956622,4082853949,3780008649,1,1,"(0.5757893919944763, 0.520013153553009)","(0.5655261874198914, 0.4977109730243683)",1,1,2.4183502197265625,2.4082489013671875
001,initButtons,42956622,4082862282,3780016982,0,1,"(nan, nan)","(0.5667120814323425, 0.4922732412815094)",0,1,nan,2.3962249755859375
001,initButtons,42956622,4082870615,3780025315,1,1,"(0.5802676677703857, 0.5368770360946655)","(0.5657392740249634, 0.5074400305747986)",1,1,2.437713623046875,2.4399261474609375
001,initButtons,42956622,4082878948,3780033648,1,1,"(0.5736954808235168, 0.5356137752532959)","(0.5657359957695007, 0.495853066444397)",1,1,2.4687042236328125,2.39971923828125
001,initButtons,42956622,4082887282,3780041982,0,1,"(nan, nan)","(0.5667253732681274, 0.4900321066379547)",0,1,nan,2.3730621337890625
001,initButtons,42956622,4082895615,3780050315,1,1,"(0.5822622776031494, 0.5513395071029663)","(0.5635181069374084, 0.5206524729728699)",1,1,2.4954376220703125,2.452056884765625
001,initButtons,42956622,4082903948,3780058648,1,1,"(0.5811275839805603, 0.5493602752685547)","(0.566745936870575, 0.5331687331199646)",1,1,2.4933624267578125,2.4904937744140625
001,initButtons,42956622,4082912282,3780066982,1,1,"(0.5767571926116943, 0.5464702248573303)","(0.5674325823783875, 0.48691824078559875)",1,1,2.4974517822265625,2.3950042724609375
001,initButtons,42956622,4082920615,3780075315,1,1,"(0.5730945467948914, 0.5402409434318542)","(0.5632383823394775, 0.5160313248634338)",1,1,2.4842987060546875,2.4611358642578125
001,initButtons,42956622,4082928948,3780083648,1,1,"(0.5835162401199341, 0.5321984887123108)","(0.5686585307121277, 0.4914781451225281)",1,1,2.482086181640625,2.3748626708984375
001,initButtons,42956622,4082937282,3780091982,1,0,"(0.575554609298706, 0.5335535407066345)","(nan, nan)",1,0,2.4510650634765625,nan
001,initButtons,42956622,4082945620,3780100320,0,1,"(nan, nan)","(0.5654515624046326, 0.5339210033416748)",0,1,nan,2.47186279296875
001,initButtons,42956622,4082953953,3780108653,1,1,"(0.5775310397148132, 0.5221625566482544)","(0.5562547445297241, 0.518141508102417)",1,1,2.4698028564453125,2.4411163330078125
001,initButtons,42956622,4082962287,3780116987,0,1,"(nan, nan)","(0.5666964650154114, 0.44514545798301697)",0,1,nan,2.307342529296875
001,initButtons,42956622,4082970620,3780125320,1,1,"(0.5718904733657837, 0.5316442847251892)","(0.5673799514770508, 0.452025830745697)",1,1,2.474578857421875,2.30584716796875
001,initButtons,42956622,4082978953,3780133653,1,0,"(0.581252932548523, 0.5242131352424622)","(nan, nan)",1,0,2.4514923095703125,nan
001,initButtons,42956622,4082987287,3780141987,1,1,"(0.5748710036277771, 0.5437642335891724)","(0.5694308876991272, 0.46086105704307556)",1,1,2.4711151123046875,2.3253173828125
001,initButtons,42956622,4082995620,3780150320,0,1,"(nan, nan)","(0.5632517337799072, 0.4344073534011841)",0,1,nan,2.24591064453125
001,initButtons,42956622,4083003953,3780158653,0,1,"(nan, nan)","(0.5641420483589172, 0.4742356836795807)",0,1,nan,2.3654937744140625
001,initButtons,42956622,4083012287,3780166987,1,1,"(0.5846962332725525, 0.532749354839325)","(0.5679147243499756, 0.49841105937957764)",1,1,2.5142669677734375,2.37530517578125
001,initButtons,42956622,4083020620,3780175320,1,0,"(0.5757024884223938, 0.5557008385658264)","(nan, nan)",1,0,2.49505615234375,nan
001,initButtons,42956622,4083028953,3780183653,1,1,"(0.5742219686508179, 0.5420660376548767)","(0.568473219871521, 0.4848843812942505)",1,1,2.46820068359375,2.3864288330078125
001,initButtons,42956622,4083037287,3780191987,0,1,"(nan, nan)","(0.5677067637443542, 0.5078924894332886)",0,1,nan,2.40966796875
001,initButtons,42956622,4083045620,3780200320,1,0,"(0.5757406949996948, 0.5533490777015686)","(nan, nan)",1,0,2.5053558349609375,nan
001,initButtons,42956622,4083053953,3780208653,0,1,"(nan, nan)","(0.5633414387702942, 0.4574924111366272)",0,1,nan,2.3021697998046875
001,initButtons,42956622,4083062287,3780216987,1,1,"(0.5742634534835815, 0.5920790433883667)","(0.5639908313751221, 0.4625133275985718)",1,1,2.64105224609375,2.308746337890625
001,initButtons,42956622,4083070620,3780225320,1,1,"(0.5701032876968384, 0.5282859206199646)","(0.5664176344871521, 0.47788679599761963)",1,1,2.4863739013671875,2.362518310546875
001,initButtons,42956622,4083078958,3780233658,0,1,"(nan, nan)","(0.5581679940223694, 0.5312722325325012)",0,1,nan,2.483367919921875
001,initButtons,42956622,4083087292,3780241992,0,1,"(nan, nan)","(0.5698722004890442, 0.45585349202156067)",0,1,nan,2.318756103515625
001,initButtons,42956622,4083095625,3780250325,1,0,"(0.5796740055084229, 0.5336379408836365)","(nan, nan)",1,0,2.4726715087890625,nan
001,initButtons,42956622,4083103958,3780258658,1,1,"(0.5706687569618225, 0.5449400544166565)","(0.5683437585830688, 0.44879695773124695)",1,1,2.49658203125,2.2715301513671875
001,initButtons,42956622,4083112292,3780266992,1,1,"(0.5749362111091614, 0.5578613877296448)","(0.5685625672340393, 0.4678604006767273)",1,1,2.513153076171875,2.331634521484375
001,initButtons,42956622,4083120625,3780275325,0,1,"(nan, nan)","(0.56524658203125, 0.5316647887229919)",0,1,nan,2.46875
001,initButtons,42956622,4083128958,3780283658,0,1,"(nan, nan)","(0.568096935749054, 0.48327112197875977)",0,1,nan,2.35546875
001,initButtons,42956622,4083137292,3780291992,0,1,"(nan, nan)","(0.570767343044281, 0.46731463074684143)",0,1,nan,2.302764892578125
001,initButtons,42956622,4083145625,3780300325,0,1,"(nan, nan)","(0.5696076154708862, 0.5075964331626892)",0,1,nan,2.4258270263671875
001,initButtons,42956622,4083153958,3780308658,0,1,"(nan, nan)","(0.567755401134491, 0.4990067481994629)",0,1,nan,2.3654632568359375
001,initButtons,42956622,4083162292,3780316992,0,1,"(nan, nan)","(0.5703184008598328, 0.47734493017196655)",0,1,nan,2.3351287841796875
001,initButtons,42956622,4083170625,3780325325,0,1,"(nan, nan)","(0.5630288124084473, 0.5179162621498108)",0,1,nan,2.430877685546875
001,initButtons,42956622,4083178958,3780333658,1,1,"(0.5774281024932861, 0.5578442811965942)","(0.5674113035202026, 0.45196881890296936)",1,1,2.5507965087890625,2.2835845947265625
001,initButtons,42956622,4083187293,3780341992,0,1,"(nan, nan)","(0.5624456405639648, 0.44815436005592346)",0,1,nan,2.28302001953125
001,initButtons,42956622,4083195626,3780350325,1,1,"(0.5713614225387573, 0.5543066263198853)","(0.5643190145492554, 0.45689263939857483)",1,1,2.4882049560546875,2.2982635498046875
001,initButtons,42956622,4083203960,3780358659,0,1,"(nan, nan)","(0.5630538463592529, 0.46306243538856506)",0,1,nan,2.3063201904296875
001,initButtons,42956622,4083212297,3780366996,0,1,"(nan, nan)","(0.5682148933410645, 0.46806851029396057)",0,1,nan,2.317901611328125
001,initButtons,42956622,4083220630,3780375329,1,1,"(0.5801355838775635, 0.5566727519035339)","(0.5662181377410889, 0.4646804630756378)",1,1,2.5029296875,2.3121795654296875
001,initButtons,42956622,4083228963,3780383662,0,1,"(nan, nan)","(0.5595839023590088, 0.5198943614959717)",0,1,nan,2.4492645263671875
001,initButtons,42956622,4083237297,3780391996,1,1,"(0.5752270817756653, 0.5324869155883789)","(0.5657817721366882, 0.488328754901886)",1,1,2.420562744140625,2.3574066162109375
001,initButtons,42956622,4083245630,3780400329,0,1,"(nan, nan)","(0.5638541579246521, 0.5030791163444519)",0,1,nan,2.3851165771484375
001,initButtons,42956622,4083253963,3780408662,1,1,"(0.582697331905365, 0.5609257221221924)","(0.5675519704818726, 0.4754904508590698)",1,1,2.4912872314453125,2.3292083740234375
001,initButtons,42956622,4083262297,3780416996,0,1,"(nan, nan)","(0.5697429180145264, 0.4721023738384247)",0,1,nan,2.3412322998046875
001,initButtons,42956622,4083270630,3780425329,0,1,"(nan, nan)","(0.5768542885780334, 0.45753157138824463)",0,1,nan,2.308441162109375
001,initButtons,42956622,4083278963,3780433662,1,1,"(0.6373916864395142, 0.5069481134414673)","(0.6423091292381287, 0.5664973855018616)",1,1,2.3423919677734375,2.5122222900390625
001,initButtons,42956622,4083287297,3780441996,1,1,"(0.7163485288619995, 0.5694922208786011)","(0.7232123017311096, 0.5686367154121399)",1,1,2.5345916748046875,2.53228759765625
001,initButtons,42956622,4083295630,3780450329,1,1,"(0.7729213833808899, 0.5561497211456299)","(0.7867103815078735, 0.5753673315048218)",1,1,2.5034332275390625,2.5095672607421875
001,initButtons,42956622,4083303963,3780458662,1,1,"(0.8288736343383789, 0.5992999076843262)","(0.8424457907676697, 0.5878629684448242)",1,1,2.5868377685546875,2.50921630859375
001,initButtons,42956622,4083312297,3780466996,1,1,"(0.893726110458374, 0.6015194058418274)","(0.9053505659103394, 0.5795969367027283)",1,1,2.5277099609375,2.4897613525390625
001,initButtons,42956622,4083320630,3780475329,1,1,"(0.9149669408798218, 0.6065371036529541)","(0.9102544188499451, 0.5847032070159912)",1,1,2.5142974853515625,2.4415283203125
001,initButtons,42956622,4083328964,3780483663,1,1,"(0.896155059337616, 0.6102052330970764)","(0.9062691926956177, 0.5688846707344055)",1,1,2.52105712890625,2.4308013916015625
001,initButtons,42956622,4083337297,3780491996,1,1,"(0.9181861281394958, 0.5829741954803467)","(0.9235185384750366, 0.5864835381507874)",1,1,2.5179901123046875,2.485565185546875
001,initButtons,42956622,4083345635,3780500334,1,1,"(0.9262808561325073, 0.5930175185203552)","(0.9134320616722107, 0.5851135849952698)",1,1,2.510223388671875,2.473541259765625
001,initButtons,42956622,4083353968,3780508667,1,1,"(0.9231381416320801, 0.6009035706520081)","(0.9101512432098389, 0.6036416292190552)",1,1,2.539398193359375,2.5080108642578125
001,initButtons,42956622,4083362302,3780517001,1,1,"(0.9122930765151978, 0.6093429923057556)","(0.9156638979911804, 0.5919836163520813)",1,1,2.5522918701171875,2.4837799072265625
001,initButtons,42956622,4083370635,3780525334,1,1,"(0.9136196970939636, 0.6231294274330139)","(0.9053260684013367, 0.5969879031181335)",1,1,2.558074951171875,2.5032501220703125
001,initButtons,42956622,4083378968,3780533667,1,1,"(0.9244416952133179, 0.5908536911010742)","(0.9061336517333984, 0.5873122215270996)",1,1,2.498260498046875,2.4795989990234375
001,initButtons,42956622,4083387302,3780542001,1,1,"(0.9205853939056396, 0.5989934206008911)","(0.908500075340271, 0.5880851149559021)",1,1,2.520294189453125,2.496856689453125
001,initButtons,42956622,4083395635,3780550334,1,1,"(0.926231324672699, 0.5870338082313538)","(0.9093507528305054, 0.5922234654426575)",1,1,2.4813079833984375,2.478729248046875
001,initButtons,42956622,4083403969,3780558668,1,1,"(0.9171323776245117, 0.593815267086029)","(0.9116125702857971, 0.5848975777626038)",1,1,2.525177001953125,2.470977783203125
001,initButtons,42956622,4083412302,3780567001,1,1,"(0.9201016426086426, 0.5822092890739441)","(0.9124957323074341, 0.590854823589325)",1,1,2.4725494384765625,2.48138427734375
001,initButtons,42956622,4083420635,3780575334,1,1,"(0.9237899780273438, 0.5928715467453003)","(0.90792316198349, 0.5949637293815613)",1,1,2.5061798095703125,2.4813079833984375
001,initButtons,42956622,4083428968,3780583667,1,1,"(0.9218462705612183, 0.5990998148918152)","(0.8996402025222778, 0.6009138822555542)",1,1,2.532073974609375,2.502899169921875
001,initButtons,42956622,4083437302,3780592001,1,1,"(0.9123634696006775, 0.60603928565979)","(0.9122270345687866, 0.5902501344680786)",1,1,2.528076171875,2.4838714599609375
001,initButtons,42956622,4083445635,3780600334,1,1,"(0.9144464731216431, 0.5811380743980408)","(0.9139187335968018, 0.591556966304779)",1,1,2.513519287109375,2.4668731689453125
001,initButtons,42956622,4083453969,3780608668,1,1,"(0.9200384020805359, 0.6059294939041138)","(0.9101147055625916, 0.5941529870033264)",1,1,2.524200439453125,2.4851226806640625
001,initButtons,42956622,4083462301,3780617000,1,1,"(0.9197095632553101, 0.6094403862953186)","(0.9115903377532959, 0.5915809869766235)",1,1,2.542694091796875,2.4835205078125
001,initButtons,42956622,4083470639,3780625338,1,1,"(0.9177547693252563, 0.59369957447052)","(0.911664605140686, 0.5910335779190063)",1,1,2.517547607421875,2.474884033203125
001,initButtons,42956622,4083478972,3780633671,1,1,"(0.9177937507629395, 0.5948027968406677)","(0.9046160578727722, 0.5934109091758728)",1,1,2.5239715576171875,2.48779296875
001,initButtons,42956622,4083487306,3780642005,1,1,"(0.9222529530525208, 0.5943013429641724)","(0.9150938391685486, 0.6005716323852539)",1,1,2.5219573974609375,2.4980621337890625
001,initButtons,42956622,4083495639,3780650338,1,1,"(0.9183322787284851, 0.5950796008110046)","(0.9074585437774658, 0.5983164310455322)",1,1,2.5023040771484375,2.4663543701171875
001,initButtons,42956622,4083503972,3780658671,1,1,"(0.9173032641410828, 0.6022659540176392)","(0.9087350964546204, 0.6055655479431152)",1,1,2.506622314453125,2.4964752197265625
001,initButtons,42956622,4083512305,3780667004,1,1,"(0.925763726234436, 0.6021084189414978)","(0.9125928282737732, 0.585649311542511)",1,1,2.5131072998046875,2.4492340087890625
001,initButtons,42956622,4083520639,3780675338,1,0,"(0.914825439453125, 0.5958573222160339)","(nan, nan)",1,0,2.5220489501953125,nan
001,initButtons,42956622,4083528973,3780683672,1,1,"(0.922709047794342, 0.6147474050521851)","(0.9204275608062744, 0.5909427404403687)",1,1,2.53558349609375,2.4817962646484375
001,initButtons,42956622,4083537306,3780692005,1,1,"(0.9456381797790527, 0.5970814228057861)","(0.9386934638023376, 0.5929587483406067)",1,1,2.5242919921875,2.4826507568359375
001,initButtons,42956622,4083545639,3780700338,1,1,"(0.9378743767738342, 0.5952849388122559)","(0.9291996359825134, 0.5963966250419617)",1,1,2.50653076171875,2.5010986328125
001,initButtons,42956622,4083553972,3780708671,1,1,"(0.9354002475738525, 0.6097759008407593)","(0.9314314126968384, 0.5984718799591064)",1,1,2.5382232666015625,2.4738311767578125
001,initButtons,42956622,4083562306,3780717005,1,1,"(0.9333661794662476, 0.6031401753425598)","(0.9360458254814148, 0.5968559384346008)",1,1,2.5335235595703125,2.4949493408203125
001,initButtons,42956622,4083570639,3780725338,1,1,"(0.9402438998222351, 0.6020117402076721)","(0.9298423528671265, 0.5838178396224976)",1,1,2.5292510986328125,2.487091064453125
001,initButtons,42956622,4083578973,3780733672,1,1,"(0.9251119494438171, 0.6128752827644348)","(0.9277684092521667, 0.5868745446205139)",1,1,2.5833892822265625,2.4913330078125
001,initButtons,42956622,4083587305,3780742004,1,1,"(0.9332963824272156, 0.595616340637207)","(0.9223334193229675, 0.5883576273918152)",1,1,2.5271453857421875,2.484130859375
001,initButtons,42956622,4083595639,3780750338,1,1,"(0.9232875108718872, 0.616426944732666)","(0.9300850033760071, 0.5832633376121521)",1,1,2.56048583984375,2.47930908203125
001,initButtons,42956622,4083603979,3780758678,1,1,"(0.9289495944976807, 0.6016024351119995)","(0.9314689636230469, 0.5736424922943115)",1,1,2.563751220703125,2.47357177734375
001,initButtons,42956622,4083612312,3780767011,1,1,"(0.9315223693847656, 0.5907683372497559)","(0.9243873953819275, 0.5923012495040894)",1,1,2.505706787109375,2.5073699951171875
001,initButtons,42956622,4083620645,3780775344,1,1,"(0.9328764081001282, 0.6061911582946777)","(0.9293445348739624, 0.5870072841644287)",1,1,2.54559326171875,2.4754638671875
001,initButtons,42956622,4083628978,3780783677,1,1,"(0.9355582594871521, 0.5917245745658875)","(0.924689531326294, 0.6045899391174316)",1,1,2.532379150390625,2.5223388671875
001,initButtons,42956622,4083637311,3780792010,1,1,"(0.9295691847801208, 0.6028198599815369)","(0.9345487356185913, 0.5992295145988464)",1,1,2.524749755859375,2.4984893798828125
001,initButtons,42956622,4083645645,3780800344,1,1,"(0.9253592491149902, 0.5952007174491882)","(0.9219012260437012, 0.610370397567749)",1,1,2.575897216796875,2.52789306640625
001,initButtons,42956622,4083653978,3780808677,1,1,"(0.9285541772842407, 0.5826355218887329)","(0.9234243631362915, 0.5947920083999634)",1,1,2.5284881591796875,2.518402099609375
001,initButtons,42956622,4083662312,3780817011,1,1,"(0.9320318698883057, 0.5879321098327637)","(0.9254957437515259, 0.590979814529419)",1,1,2.5452880859375,2.5049285888671875
001,initButtons,42956622,4083670645,3780825344,1,1,"(0.9316184520721436, 0.5806926488876343)","(0.9246500730514526, 0.5882313847541809)",1,1,2.5177459716796875,2.485443115234375
001,initButtons,42956622,4083678978,3780833677,1,1,"(0.9309360384941101, 0.5925467610359192)","(0.9284223318099976, 0.5911815166473389)",1,1,2.5472412109375,2.5175933837890625
001,initButtons,42956622,4083687312,3780842011,1,1,"(0.932977557182312, 0.5901044011116028)","(0.9278568029403687, 0.5986318588256836)",1,1,2.511810302734375,2.540496826171875
001,initButtons,42956622,4083695645,3780850344,1,1,"(0.9349070191383362, 0.5939794778823853)","(0.9243927001953125, 0.5915425419807434)",1,1,2.5215606689453125,2.49517822265625
001,initButtons,42956622,4083703978,3780858677,1,1,"(0.9313100576400757, 0.5869526267051697)","(0.9237964153289795, 0.6035651564598083)",1,1,2.5455169677734375,2.5470733642578125
001,initButtons,42956622,4083712311,3780867010,1,1,"(0.9319778084754944, 0.5752807259559631)","(0.9178887009620667, 0.5997875928878784)",1,1,2.53717041015625,2.5288238525390625
001,initButtons,42956622,4083720645,3780875344,1,1,"(0.9317795634269714, 0.5850984454154968)","(0.9317927360534668, 0.613023042678833)",1,1,2.5372772216796875,2.521636962890625
001,initButtons,42956622,4083728978,3780883677,1,1,"(0.9398183822631836, 0.5962755084037781)","(0.9284891486167908, 0.6038681268692017)",1,1,2.555816650390625,2.51995849609375
001,initButtons,42956622,4083737315,3780892014,1,1,"(0.9277847409248352, 0.5914591550827026)","(0.9240776300430298, 0.6122915744781494)",1,1,2.568084716796875,2.5483856201171875
001,initButtons,42956622,4083745648,3780900347,1,1,"(0.9306315779685974, 0.5931141972541809)","(0.928473711013794, 0.5916343927383423)",1,1,2.5572967529296875,2.5142974853515625
001,initButtons,42956622,4083753981,3780908680,1,1,"(0.9355555772781372, 0.5979105234146118)","(0.9288797378540039, 0.5859155058860779)",1,1,2.564208984375,2.523406982421875
001,initButtons,42956622,4083762315,3780917014,1,1,"(0.9348455667495728, 0.5779734253883362)","(0.9273605942726135, 0.5867710113525391)",1,1,2.522979736328125,2.4860687255859375
001,initButtons,42956622,4083770648,3780925347,1,1,"(0.9368516802787781, 0.5758962035179138)","(0.9231501221656799, 0.594669759273529)",1,1,2.5303955078125,2.5215606689453125
001,initButtons,42956622,4083778981,3780933680,1,1,"(0.9341269731521606, 0.5984381437301636)","(0.9266640543937683, 0.5949097275733948)",1,1,2.562164306640625,2.536834716796875
001,initButtons,42956622,4083787315,3780942014,1,1,"(0.9296812415122986, 0.6090653538703918)","(0.9228528738021851, 0.5920524001121521)",1,1,2.571533203125,2.5438385009765625
001,initButtons,42956622,4083795648,3780950347,1,1,"(0.9372275471687317, 0.59701007604599)","(0.9323152899742126, 0.5794577598571777)",1,1,2.5611724853515625,2.505035400390625
001,initButtons,42956622,4083803981,3780958680,1,1,"(0.9347281455993652, 0.6048579216003418)","(0.9343777894973755, 0.5988000631332397)",1,1,2.5802459716796875,2.560455322265625
001,initButtons,42956622,4083812315,3780967014,1,1,"(0.9326936602592468, 0.6193105578422546)","(0.9245476126670837, 0.5988145470619202)",1,1,2.5944061279296875,2.537750244140625
001,initButtons,42956622,4083820648,3780975347,1,1,"(0.929620623588562, 0.5980907678604126)","(0.9287580847740173, 0.5873059034347534)",1,1,2.5544281005859375,2.5056915283203125
001,initButtons,42956622,4083828981,3780983680,1,1,"(0.9302120804786682, 0.6103041768074036)","(0.9228371381759644, 0.6022655963897705)",1,1,2.5622100830078125,2.558990478515625
001,initButtons,42956622,4083837314,3780992013,1,1,"(0.9335082769393921, 0.5965457558631897)","(0.923304557800293, 0.6110057830810547)",1,1,2.55194091796875,2.56768798828125
001,initButtons,42956622,4083845648,3781000347,1,1,"(0.9310836791992188, 0.6045646071434021)","(0.9256058931350708, 0.6170195937156677)",1,1,2.5747833251953125,2.56207275390625
001,initButtons,42956622,4083853981,3781008680,1,1,"(0.939754843711853, 0.6069958806037903)","(0.923987627029419, 0.6092292070388794)",1,1,2.5416259765625,2.553863525390625
001,initButtons,42956622,4083862315,3781017014,1,1,"(0.9286352396011353, 0.6158837676048279)","(0.9210745692253113, 0.6105196475982666)",1,1,2.59381103515625,2.54010009765625
001,initButtons,42956622,4083870653,3781025352,1,1,"(0.937988817691803, 0.5982175469398499)","(0.9265196323394775, 0.5939211845397949)",1,1,2.5656280517578125,2.50213623046875
001,initButtons,42956622,4083878986,3781033685,1,1,"(0.9307613372802734, 0.5921242237091064)","(0.9242264628410339, 0.6153792142868042)",1,1,2.5513763427734375,2.5741729736328125
001,initButtons,42956622,4083887320,3781042019,1,1,"(0.9340846538543701, 0.6026535630226135)","(0.9257959127426147, 0.6034427881240845)",1,1,2.597442626953125,2.525665283203125
001,initButtons,42956622,4083895653,3781050352,1,1,"(0.9283354878425598, 0.5955615043640137)","(0.9274893403053284, 0.6028817296028137)",1,1,2.5561981201171875,2.5445556640625
001,initButtons,42956622,4083903986,3781058685,1,1,"(0.9310647249221802, 0.591767430305481)","(0.9264332056045532, 0.5909692049026489)",1,1,2.5803985595703125,2.5102081298828125
001,initButtons,42956622,4083912320,3781067019,1,1,"(0.9329279661178589, 0.5952789187431335)","(0.9290950298309326, 0.5901998281478882)",1,1,2.5766754150390625,2.520843505859375
001,initButtons,42956622,4083920653,3781075352,1,1,"(0.9365870952606201, 0.5840080380439758)","(0.9208593368530273, 0.5896354913711548)",1,1,2.5531463623046875,2.5333251953125
001,initButtons,42956622,4083928986,3781083685,1,1,"(0.9340611696243286, 0.5911648273468018)","(0.9236070513725281, 0.5927468538284302)",1,1,2.568572998046875,2.54583740234375
001,initButtons,42956622,4083937320,3781092019,1,1,"(0.9314778447151184, 0.5912017822265625)","(0.9231608510017395, 0.5897611975669861)",1,1,2.592803955078125,2.543243408203125
001,initButtons,42956622,4083945653,3781100352,1,1,"(0.9378968477249146, 0.5819792747497559)","(0.9266216158866882, 0.5901603698730469)",1,1,2.5517120361328125,2.53131103515625
001,initButtons,42956622,4083953986,3781108685,1,1,"(0.9380839467048645, 0.5926513671875)","(0.9244242906570435, 0.5864810347557068)",1,1,2.5629730224609375,2.5177459716796875
001,initButtons,42956622,4083962319,3781117018,1,1,"(0.9386098384857178, 0.5945191979408264)","(0.9270156025886536, 0.5918613076210022)",1,1,2.55645751953125,2.5203857421875
001,initButtons,42956622,4083970653,3781125352,1,1,"(0.942901074886322, 0.6153568625450134)","(0.926176130771637, 0.5848453044891357)",1,1,2.5710601806640625,2.5316162109375
001,initButtons,42956622,4083978986,3781133685,1,1,"(0.9341822266578674, 0.6111952066421509)","(0.9215046167373657, 0.5983595252037048)",1,1,2.563629150390625,2.525299072265625
001,initButtons,42956622,4083987320,3781142019,1,1,"(0.9365473985671997, 0.5995445251464844)","(0.9224021434783936, 0.5932203531265259)",1,1,2.545928955078125,2.55670166015625
001,initButtons,42956622,4083995657,3781150356,1,1,"(0.9296839237213135, 0.6154485940933228)","(0.9224864840507507, 0.5894680619239807)",1,1,2.5915374755859375,2.5208587646484375
001,initButtons,42956622,4084003990,3781158689,1,1,"(0.9309642910957336, 0.6074934005737305)","(0.9264296889305115, 0.5962428450584412)",1,1,2.5645904541015625,2.543548583984375
001,initButtons,42956622,4084012324,3781167023,1,1,"(0.9349562525749207, 0.6043210625648499)","(0.9141040444374084, 0.6026768088340759)",1,1,2.570770263671875,2.5330047607421875
001,initButtons,42956622,4084020657,3781175356,1,1,"(0.940178394317627, 0.5945043563842773)","(0.92442786693573, 0.598720371723175)",1,1,2.5441436767578125,2.5546875
001,initButtons,42956622,4084028990,3781183689,1,1,"(0.9406198263168335, 0.5980280637741089)","(0.9211825132369995, 0.5899527668952942)",1,1,2.5624237060546875,2.52716064453125
001,initButtons,42956622,4084037324,3781192023,1,1,"(0.9371960759162903, 0.5979135632514954)","(0.9159141778945923, 0.5975487232208252)",1,1,2.5455169677734375,2.5418853759765625
001,initButtons,42956622,4084045656,3781200355,1,1,"(0.9404977560043335, 0.6060470342636108)","(0.9183754324913025, 0.5963302254676819)",1,1,2.5687408447265625,2.5306396484375
