001,testCookieGreaterThan,39840471,4101379600,3798534289,1,1,"(0.9318558573722839, 0.5894969701766968)","(0.9196717739105225, 0.6028715372085571)",1,1,2.5258941650390625,2.5140838623046875
001,testCookieGreaterThan,39840471,4101387932,3798542621,1,1,"(0.9290831685066223, 0.588070809841156)","(0.9262364506721497, 0.5958985686302185)",1,1,2.5416412353515625,2.5031280517578125
001,testCookieGreaterThan,39840471,4101396266,3798550955,1,1,"(0.9323475956916809, 0.5925232172012329)","(0.928770899772644, 0.5932113528251648)",1,1,2.5101318359375,2.5100555419921875
001,testCookieGreaterThan,39840471,4101404599,3798559288,1,1,"(0.9224563241004944, 0.5993399024009705)","(0.9223881959915161, 0.609393298625946)",1,1,2.56219482421875,2.506256103515625
001,testCookieGreaterThan,39840471,4101412932,3798567621,1,1,"(0.9265033602714539, 0.5867430567741394)","(0.9264124631881714, 0.5959272980690002)",1,1,2.530975341796875,2.4923095703125
001,testCookieGreaterThan,39840471,4101421266,3798575955,1,1,"(0.9312698841094971, 0.6067229509353638)","(0.9270618557929993, 0.5940244197845459)",1,1,2.54766845703125,2.48681640625
001,testCookieGreaterThan,39840471,4101429605,3798584294,1,1,"(0.9340379238128662, 0.6019793748855591)","(0.9242763519287109, 0.5747844576835632)",1,1,2.53143310546875,2.4864044189453125
001,testCookieGreaterThan,39840471,4101437937,3798592627,1,1,"(0.9271366596221924, 0.6041259765625)","(0.9242900013923645, 0.5937733054161072)",1,1,2.5333404541015625,2.5139007568359375
001,testCookieGreaterThan,39840471,4101446272,3798600962,1,1,"(0.9284234046936035, 0.6238242983818054)","(0.9249212741851807, 0.5990819931030273)",1,1,2.574462890625,2.4892425537109375
001,testCookieGreaterThan,39840471,4101454605,3798609295,1,0,"(0.9278357625007629, 0.6034218072891235)","(nan, nan)",1,0,2.549652099609375,nan
001,testCookieGreaterThan,39840471,4101462939,3798617629,1,1,"(0.9290871620178223, 0.5994428992271423)","(0.9190921783447266, 0.5932581424713135)",1,1,2.5164031982421875,2.5033111572265625
001,testCookieGreaterThan,39840471,4101471271,3798625961,1,1,"(0.9326614141464233, 0.5986567735671997)","(0.9157665371894836, 0.5948695540428162)",1,1,2.52239990234375,2.503173828125
001,testCookieGreaterThan,39840471,4101479605,3798634295,1,1,"(0.9311153292655945, 0.5924029350280762)","(0.9182881712913513, 0.595119297504425)",1,1,2.5238800048828125,2.502410888671875
001,testCookieGreaterThan,39840471,4101487938,3798642628,1,1,"(0.9300094842910767, 0.5871074795722961)","(0.9199197888374329, 0.5960366129875183)",1,1,2.499053955078125,2.4969635009765625
001,testCookieGreaterThan,39840471,4101496272,3798650962,1,0,"(0.9318856000900269, 0.5914694666862488)","(nan, nan)",1,0,2.484527587890625,nan
001,testCookieGreaterThan,39840471,4101504605,3798659295,1,1,"(0.9257128238677979, 0.6073702573776245)","(0.9224905967712402, 0.5851342678070068)",1,1,2.5504913330078125,2.48541259765625
001,testCookieGreaterThan,39840471,4101512938,3798667628,1,1,"(0.9289262890815735, 0.5963743329048157)","(0.919813334941864, 0.597678005695343)",1,1,2.542999267578125,2.5005645751953125
001,testCookieGreaterThan,39840471,4101521271,3798675961,1,1,"(0.9270551800727844, 0.5972817540168762)","(0.9216949939727783, 0.5932585000991821)",1,1,2.5112152099609375,2.49639892578125
001,testCookieGreaterThan,39840471,4101529605,3798684295,1,1,"(0.8761079907417297, 0.584679365158081)","(0.8835461139678955, 0.5852985978126526)",1,1,2.5479736328125,2.4830322265625
001,testCookieGreaterThan,39840471,4101537937,3798692627,1,1,"(0.7869681715965271, 0.5308154821395874)","(0.8095694780349731, 0.5436681509017944)",1,1,2.4947357177734375,2.507354736328125
001,testCookieGreaterThan,39840471,4101546272,3798700962,1,1,"(0.736702561378479, 0.4610728621482849)","(0.7567039132118225, 0.5022852420806885)",1,1,2.487884521484375,2.5184783935546875
001,testCookieGreaterThan,39840471,4101554605,3798709295,1,1,"(0.703101396560669, 0.4366087019443512)","(0.7147991061210632, 0.4506937861442566)",1,1,2.5159454345703125,2.4979705810546875
001,testCookieGreaterThan,39840471,4101562942,3798717632,1,1,"(0.6676411032676697, 0.36562567949295044)","(0.6739979386329651, 0.4121723473072052)",1,1,2.3746795654296875,2.447113037109375
001,testCookieGreaterThan,39840471,4101571275,3798725965,1,1,"(0.691868007183075, 0.3756994605064392)","(0.6819454431533813, 0.43441760540008545)",1,1,2.39141845703125,2.50885009765625
001,testCookieGreaterThan,39840471,4101579609,3798734299,1,1,"(0.6883398294448853, 0.39957067370414734)","(0.6816877126693726, 0.4155985414981842)",1,1,2.4309234619140625,2.464996337890625
001,testCookieGreaterThan,39840471,4101587943,3798742633,1,1,"(0.6777894496917725, 0.41182976961135864)","(0.6718968152999878, 0.40511903166770935)",1,1,2.4843902587890625,2.459564208984375
001,testCookieGreaterThan,39840471,4101596275,3798750965,1,1,"(0.6863418221473694, 0.3860876262187958)","(0.6727805137634277, 0.4063129127025604)",1,1,2.44427490234375,2.449310302734375
001,testCookieGreaterThan,39840471,4101604609,3798759299,1,1,"(0.6906852126121521, 0.3904813528060913)","(0.6747655272483826, 0.42378246784210205)",1,1,2.4300994873046875,2.4694976806640625
001,testCookieGreaterThan,39840471,4101612942,3798767632,1,1,"(0.6892238259315491, 0.41389575600624084)","(0.6793674826622009, 0.3922773599624634)",1,1,2.4666595458984375,2.439788818359375
001,testCookieGreaterThan,39840471,4101621275,3798775965,1,1,"(0.6929927468299866, 0.4091622233390808)","(0.6795164346694946, 0.40061154961586)",1,1,2.46624755859375,2.4687652587890625
001,testCookieGreaterThan,39840471,4101629609,3798784299,1,1,"(0.6899896860122681, 0.387116014957428)","(0.6794529557228088, 0.400516539812088)",1,1,2.4259796142578125,2.4645843505859375
001,testCookieGreaterThan,39840471,4101637942,3798792632,1,1,"(0.6894487142562866, 0.36829903721809387)","(0.679384171962738, 0.40563708543777466)",1,1,2.386688232421875,2.4611968994140625
001,testCookieGreaterThan,39840471,4101646275,3798800965,1,1,"(0.6938448548316956, 0.376688152551651)","(0.6766510605812073, 0.40576842427253723)",1,1,2.411224365234375,2.4666290283203125
001,testCookieGreaterThan,39840471,4101654609,3798809299,1,1,"(0.6919087767601013, 0.424518883228302)","(0.6784353256225586, 0.4159601926803589)",1,1,2.502777099609375,2.465576171875
001,testCookieGreaterThan,39840471,4101662942,3798817632,1,1,"(0.687387228012085, 0.36778855323791504)","(0.6765150427818298, 0.413932740688324)",1,1,2.383026123046875,2.4662628173828125
001,testCookieGreaterThan,39840471,4101671276,3798825966,1,1,"(0.6934501528739929, 0.40056902170181274)","(0.6745507717132568, 0.41793572902679443)",1,1,2.4405364990234375,2.4754486083984375
001,testCookieGreaterThan,39840471,4101679609,3798834299,1,1,"(0.69180828332901, 0.3961610496044159)","(0.673638641834259, 0.418275386095047)",1,1,2.4396820068359375,2.4745941162109375
001,testCookieGreaterThan,39840471,4101687942,3798842632,1,1,"(0.6902943849563599, 0.4053536355495453)","(0.6749410033226013, 0.42272934317588806)",1,1,2.454864501953125,2.47747802734375
001,testCookieGreaterThan,39840471,4101696280,3798850970,1,1,"(0.6873551607131958, 0.39485254883766174)","(0.679103434085846, 0.4062274992465973)",1,1,2.4171905517578125,2.43133544921875
001,testCookieGreaterThan,39840471,4101704614,3798859304,1,1,"(0.6919646263122559, 0.3806908130645752)","(0.6775364875793457, 0.4016989469528198)",1,1,2.3802947998046875,2.4074249267578125
001,testCookieGreaterThan,39840471,4101712948,3798867638,1,1,"(0.6900880336761475, 0.39434874057769775)","(0.678335964679718, 0.4031290113925934)",1,1,2.4325103759765625,2.442413330078125
001,testCookieGreaterThan,39840471,4101721280,3798875970,1,1,"(0.6868459582328796, 0.40528130531311035)","(0.6727285981178284, 0.41441062092781067)",1,1,2.4408416748046875,2.4404144287109375
001,testCookieGreaterThan,39840471,4101729614,3798884304,1,1,"(0.6909497380256653, 0.3886398375034332)","(0.6767664551734924, 0.4198024868965149)",1,1,2.4084014892578125,2.4561309814453125
001,testCookieGreaterThan,39840471,4101737947,3798892637,1,1,"(0.6985753178596497, 0.40387094020843506)","(0.6739079356193542, 0.4089811146259308)",1,1,2.4310455322265625,2.4512176513671875
001,testCookieGreaterThan,39840471,4101746280,3798900970,1,1,"(0.6852915287017822, 0.39757415652275085)","(0.6743812561035156, 0.4102470278739929)",1,1,2.4150543212890625,2.435638427734375
001,testCookieGreaterThan,39840471,4101754614,3798909304,1,1,"(0.6875770092010498, 0.37636587023735046)","(0.6747184991836548, 0.4115406274795532)",1,1,2.3981781005859375,2.461090087890625
001,testCookieGreaterThan,39840471,4101762947,3798917637,1,1,"(0.6674469113349915, 0.3205837309360504)","(0.6596218347549438, 0.3528001010417938)",1,1,2.4029541015625,2.4565887451171875
001,testCookieGreaterThan,39840471,4101771280,3798925970,1,1,"(0.6704608798027039, 0.28747594356536865)","(0.6553266048431396, 0.337931752204895)",1,1,2.4122772216796875,2.5062103271484375
001,testCookieGreaterThan,39840471,4101779614,3798934304,1,1,"(0.6843478083610535, 0.27658501267433167)","(0.6632920503616333, 0.3256085216999054)",1,1,2.469818115234375,2.52642822265625
001,testCookieGreaterThan,39840471,4101787947,3798942637,1,1,"(0.6892948746681213, 0.2769553065299988)","(0.6778382658958435, 0.30538854002952576)",1,1,2.4678497314453125,2.515228271484375
001,testCookieGreaterThan,39840471,4101796281,3798950971,1,1,"(0.6879638433456421, 0.26767686009407043)","(0.6674864292144775, 0.31386253237724304)",1,1,2.4398651123046875,2.512237548828125
001,testCookieGreaterThan,39840471,4101804614,3798959304,1,1,"(0.6874239444732666, 0.27476966381073)","(0.6702044010162354, 0.29288414120674133)",1,1,2.459564208984375,2.4859619140625
001,testCookieGreaterThan,39840471,4101812947,3798967637,1,1,"(0.6906173825263977, 0.2689104974269867)","(0.670573890209198, 0.2960096597671509)",1,1,2.4580535888671875,2.4984893798828125
001,testCookieGreaterThan,39840471,4101821283,3798975973,1,1,"(0.6885010600090027, 0.26731783151626587)","(0.6682180762290955, 0.2958223819732666)",1,1,2.45947265625,2.5008544921875
001,testCookieGreaterThan,39840471,4101829617,3798984307,1,1,"(0.6909821629524231, 0.2748779356479645)","(0.6651960611343384, 0.31945329904556274)",1,1,2.4522552490234375,2.52392578125
001,testCookieGreaterThan,39840471,4101837950,3798992640,1,1,"(0.689656138420105, 0.2733360528945923)","(0.6701464056968689, 0.3157772421836853)",1,1,2.4385528564453125,2.518646240234375
001,testCookieGreaterThan,39840471,4101846283,3799000973,1,1,"(0.6854052543640137, 0.27441665530204773)","(0.6760241985321045, 0.3078049123287201)",1,1,2.4339447021484375,2.46929931640625
001,testCookieGreaterThan,39840471,4101854617,3799009307,1,1,"(0.6829201579093933, 0.28157874941825867)","(0.6685962080955505, 0.2919319272041321)",1,1,2.474700927734375,2.4727020263671875
001,testCookieGreaterThan,39840471,4101862950,3799017640,1,1,"(0.6897838115692139, 0.26934608817100525)","(0.6676937937736511, 0.3027477264404297)",1,1,2.43963623046875,2.4789276123046875
001,testCookieGreaterThan,39840471,4101871283,3799025973,1,1,"(0.6861929297447205, 0.2591373324394226)","(0.6679896116256714, 0.2998955249786377)",1,1,2.395782470703125,2.47088623046875
001,testCookieGreaterThan,39840471,4101879617,3799034307,1,1,"(0.6874068379402161, 0.2706472873687744)","(0.6696940660476685, 0.2991529405117035)",1,1,2.451446533203125,2.477996826171875
001,testCookieGreaterThan,39840471,4101887950,3799042640,1,1,"(0.6871739029884338, 0.25838449597358704)","(0.6656781435012817, 0.3079836368560791)",1,1,2.386199951171875,2.4758758544921875
001,testCookieGreaterThan,39840471,4101896282,3799050973,1,1,"(0.6811197400093079, 0.25463277101516724)","(0.6642072796821594, 0.3182068467140198)",1,1,2.3983612060546875,2.50970458984375
001,testCookieGreaterThan,39840471,4101904616,3799059307,1,1,"(0.6899449825286865, 0.2836255133152008)","(0.6677428483963013, 0.2935459613800049)",1,1,2.4470672607421875,2.4397735595703125
001,testCookieGreaterThan,39840471,4101912950,3799067640,1,1,"(0.6854143738746643, 0.2730404734611511)","(0.662808895111084, 0.3136269450187683)",1,1,2.4300079345703125,2.4860382080078125
001,testCookieGreaterThan,39840471,4101921284,3799075974,1,1,"(0.6854956746101379, 0.27163612842559814)","(0.6681680083274841, 0.30735135078430176)",1,1,2.412322998046875,2.47869873046875
001,testCookieGreaterThan,39840471,4101929617,3799084307,1,1,"(0.6881956458091736, 0.2811267673969269)","(0.6665613651275635, 0.2983510196208954)",1,1,2.4419097900390625,2.439453125
001,testCookieGreaterThan,39840471,4101937950,3799092640,1,1,"(0.6886821389198303, 0.271761417388916)","(0.6651458740234375, 0.31440532207489014)",1,1,2.4169158935546875,2.485748291015625
001,testCookieGreaterThan,39840471,4101946283,3799100973,1,1,"(0.6927624344825745, 0.25869688391685486)","(0.6767767071723938, 0.32173997163772583)",1,1,2.3967437744140625,2.4862823486328125
001,testCookieGreaterThan,39840471,4101954623,3799109313,1,1,"(0.7348716855049133, 0.2973325252532959)","(0.7248831987380981, 0.33331528306007385)",1,1,2.434661865234375,2.505126953125
001,testCookieGreaterThan,39840471,4101962956,3799117646,1,1,"(0.7374765276908875, 0.30696728825569153)","(0.7265859842300415, 0.33402976393699646)",1,1,2.4522552490234375,2.4805450439453125
001,testCookieGreaterThan,39840471,4101971289,3799125979,1,1,"(0.7222391366958618, 0.28629371523857117)","(0.7091899514198303, 0.3294655382633209)",1,1,2.4592437744140625,2.4783782958984375
001,testCookieGreaterThan,39840471,4101979623,3799134313,1,1,"(0.7273258566856384, 0.2967807948589325)","(0.7138115167617798, 0.3369029462337494)",1,1,2.457763671875,2.5045318603515625
001,testCookieGreaterThan,39840471,4101987956,3799142646,1,1,"(0.7292920351028442, 0.3233495354652405)","(0.7213641405105591, 0.3272501230239868)",1,1,2.5042572021484375,2.4453887939453125
001,testCookieGreaterThan,39840471,4101996289,3799150979,1,1,"(0.7397668957710266, 0.3036084473133087)","(0.7158379554748535, 0.3274267613887787)",1,1,2.436676025390625,2.450714111328125
001,testCookieGreaterThan,39840471,4102004623,3799159313,1,1,"(0.7269145250320435, 0.3090929388999939)","(0.7148783206939697, 0.32738372683525085)",1,1,2.4778289794921875,2.4785003662109375
001,testCookieGreaterThan,39840471,4102012956,3799167646,1,1,"(0.7296534180641174, 0.29835501313209534)","(0.715150773525238, 0.3363947570323944)",1,1,2.4541778564453125,2.47589111328125
001,testCookieGreaterThan,39840471,4102021289,3799175979,1,1,"(0.7323008179664612, 0.30420058965682983)","(0.7179097533226013, 0.331175833940506)",1,1,2.4594268798828125,2.4476318359375
001,testCookieGreaterThan,39840471,4102029623,3799184313,1,1,"(0.7271602749824524, 0.3015320599079132)","(0.713674008846283, 0.3250965178012848)",1,1,2.4757843017578125,2.4464874267578125
001,testCookieGreaterThan,39840471,4102037956,3799192646,1,1,"(0.7240732908248901, 0.29998579621315)","(0.7120712995529175, 0.32609105110168457)",1,1,2.4332427978515625,2.4456787109375
001,testCookieGreaterThan,39840471,4102046290,3799200980,1,1,"(0.730309784412384, 0.30320629477500916)","(0.7199172973632812, 0.3251360058784485)",1,1,2.46624755859375,2.4509735107421875
001,testCookieGreaterThan,39840471,4102054623,3799209313,1,1,"(0.7285200357437134, 0.3063203990459442)","(0.7228445410728455, 0.32468360662460327)",1,1,2.45770263671875,2.46099853515625
001,testCookieGreaterThan,39840471,4102062956,3799217646,1,1,"(0.7290855646133423, 0.2895573377609253)","(0.7106068134307861, 0.31671515107154846)",1,1,2.448577880859375,2.452880859375
001,testCookieGreaterThan,39840471,4102071289,3799225979,1,1,"(0.7282860279083252, 0.29421019554138184)","(0.7129039764404297, 0.34015628695487976)",1,1,2.452606201171875,2.4595947265625
001,testCookieGreaterThan,39840471,4102079622,3799234312,1,1,"(0.7287819385528564, 0.28962835669517517)","(0.7121046781539917, 0.3513756990432739)",1,1,2.4495849609375,2.4972686767578125
001,testCookieGreaterThan,39840471,4102087961,3799242651,1,1,"(0.728934109210968, 0.30249929428100586)","(0.71730637550354, 0.32953137159347534)",1,1,2.4582366943359375,2.4315643310546875
001,testCookieGreaterThan,39840471,4102096294,3799250984,1,1,"(0.7266214489936829, 0.3110099732875824)","(0.7205933332443237, 0.3277766704559326)",1,1,2.4646148681640625,2.41937255859375
001,testCookieGreaterThan,39840471,4102104627,3799259317,1,1,"(0.7348448634147644, 0.30980566143989563)","(0.7140573859214783, 0.32871949672698975)",1,1,2.4766082763671875,2.4345855712890625
001,testCookieGreaterThan,39840471,4102112961,3799267651,1,1,"(0.7302305698394775, 0.283807635307312)","(0.7157209515571594, 0.3249460458755493)",1,1,2.43707275390625,2.4171142578125
001,testCookieGreaterThan,39840471,4102121294,3799275984,1,1,"(0.7299270629882812, 0.3082713484764099)","(0.7137645483016968, 0.3358752429485321)",1,1,2.4688262939453125,2.429931640625
001,testCookieGreaterThan,39840471,4102129628,3799284318,1,1,"(0.7315095663070679, 0.3014832139015198)","(0.7102104425430298, 0.3390637934207916)",1,1,2.4734954833984375,2.45135498046875
001,testCookieGreaterThan,39840471,4102137961,3799292651,1,1,"(0.7281773090362549, 0.3148002028465271)","(0.713873565196991, 0.3334810137748718)",1,1,2.458251953125,2.45391845703125
001,testCookieGreaterThan,39840471,4102146294,3799300984,1,1,"(0.7294749021530151, 0.2880353033542633)","(0.7150449752807617, 0.3607097566127777)",1,1,2.4222869873046875,2.49951171875
001,testCookieGreaterThan,39840471,4102154627,3799309317,1,1,"(0.7279208302497864, 0.30757829546928406)","(0.7126503586769104, 0.33602988719940186)",1,1,2.48065185546875,2.4655609130859375
001,testCookieGreaterThan,39840471,4102162961,3799317651,1,1,"(0.7242570519447327, 0.3034112751483917)","(0.7138659358024597, 0.3384816646575928)",1,1,2.4749298095703125,2.4482574462890625
001,testCookieGreaterThan,39840471,4102171295,3799325985,1,1,"(0.7267739772796631, 0.31984955072402954)","(0.71734619140625, 0.3371109664440155)",1,1,2.477874755859375,2.4525604248046875
001,testCookieGreaterThan,39840471,4102179627,3799334317,1,1,"(0.7292574644088745, 0.31483885645866394)","(0.719630241394043, 0.3359445631504059)",1,1,2.4864501953125,2.4704132080078125
001,testCookieGreaterThan,39840471,4102187961,3799342651,1,1,"(0.7286688685417175, 0.3070527911186218)","(0.7130643129348755, 0.32413366436958313)",1,1,2.454254150390625,2.4394073486328125
001,testCookieGreaterThan,39840471,4102196294,3799350984,1,1,"(0.729093074798584, 0.3000907897949219)","(0.7127261161804199, 0.3295707404613495)",1,1,2.4409332275390625,2.4369659423828125
001,testCookieGreaterThan,39840471,4102204627,3799359317,1,1,"(0.7278306484222412, 0.30570805072784424)","(0.7162671685218811, 0.3249647617340088)",1,1,2.449951171875,2.474945068359375
001,testCookieGreaterThan,39840471,4102212960,3799367651,1,1,"(0.7264065146446228, 0.31000590324401855)","(0.7155539989471436, 0.32002338767051697)",1,1,2.4636993408203125,2.4174346923828125
001,testCookieGreaterThan,39840471,4102221298,3799375989,1,1,"(0.7275373935699463, 0.31555575132369995)","(0.7106993794441223, 0.32522040605545044)",1,1,2.4686431884765625,2.437774658203125
001,testCookieGreaterThan,39840471,4102229631,3799384322,1,1,"(0.7266613245010376, 0.31705331802368164)","(0.7124335169792175, 0.3201133608818054)",1,1,2.4862518310546875,2.4172210693359375
001,testCookieGreaterThan,39840471,4102237965,3799392656,1,1,"(0.7288232445716858, 0.2987056374549866)","(0.7117593288421631, 0.3342891335487366)",1,1,2.4425811767578125,2.464447021484375
001,testCookieGreaterThan,39840471,4102246298,3799400989,1,1,"(0.7334980368614197, 0.3084818720817566)","(0.7107127904891968, 0.33473220467567444)",1,1,2.4513702392578125,2.4310150146484375
001,testCookieGreaterThan,39840471,4102254632,3799409323,1,1,"(0.7300140857696533, 0.3035842776298523)","(0.7072676420211792, 0.3343718945980072)",1,1,2.4676513671875,2.4296417236328125
001,testCookieGreaterThan,39840471,4102262965,3799417656,1,1,"(0.7319352626800537, 0.28773924708366394)","(0.7104558348655701, 0.3204061985015869)",1,1,2.40606689453125,2.41436767578125
001,testCookieGreaterThan,39840471,4102271299,3799425989,1,1,"(0.7317233681678772, 0.311082124710083)","(0.7150942087173462, 0.32409682869911194)",1,1,2.4671630859375,2.4477996826171875
001,testCookieGreaterThan,39840471,4102279632,3799434322,1,1,"(0.7304543256759644, 0.30201825499534607)","(0.7189623713493347, 0.33075976371765137)",1,1,2.4417572021484375,2.431549072265625
001,testCookieGreaterThan,39840471,4102287966,3799442656,1,1,"(0.7298470735549927, 0.3066011667251587)","(0.7164719700813293, 0.3303777873516083)",1,1,2.4579315185546875,2.429931640625
001,testCookieGreaterThan,39840471,4102296300,3799450990,1,1,"(0.7212890386581421, 0.32664328813552856)","(0.7090231776237488, 0.32863283157348633)",1,1,2.4940643310546875,2.41143798828125
001,testCookieGreaterThan,39840471,4102304632,3799459322,1,1,"(0.7271227836608887, 0.30515533685684204)","(0.7139206528663635, 0.3366091251373291)",1,1,2.4371337890625,2.448944091796875
001,testCookieGreaterThan,39840471,4102312966,3799467656,1,1,"(0.7280469536781311, 0.2880019247531891)","(0.7067386507987976, 0.33561092615127563)",1,1,2.393035888671875,2.45611572265625
001,testCookieGreaterThan,39840471,4102321299,3799475989,1,1,"(0.7303804159164429, 0.29673415422439575)","(0.705642580986023, 0.3395163416862488)",1,1,2.417266845703125,2.4526519775390625
001,testCookieGreaterThan,39840471,4102329632,3799484322,1,1,"(0.730547308921814, 0.30182915925979614)","(0.7100802659988403, 0.33606278896331787)",1,1,2.393768310546875,2.447357177734375
001,testCookieGreaterThan,39840471,4102337966,3799492656,1,1,"(0.7275155186653137, 0.31988951563835144)","(0.7091966867446899, 0.3286464512348175)",1,1,2.4325103759765625,2.437530517578125
001,testCookieGreaterThan,39840471,4102346300,3799500991,1,1,"(0.7288132309913635, 0.317597895860672)","(0.7134029865264893, 0.33260056376457214)",1,1,2.433013916015625,2.4326324462890625
001,testCookieGreaterThan,39840471,4102354633,3799509324,1,1,"(0.729246199131012, 0.3057951331138611)","(0.7130744457244873, 0.3309604525566101)",1,1,2.3911285400390625,2.4437408447265625
001,testCookieGreaterThan,39840471,4102362967,3799517658,1,1,"(0.7273890376091003, 0.3052046597003937)","(0.70833820104599, 0.3318445384502411)",1,1,2.4071044921875,2.454833984375
001,testCookieGreaterThan,39840471,4102371300,3799525991,1,1,"(0.7302526235580444, 0.30487027764320374)","(0.7044656276702881, 0.3503533601760864)",1,1,2.4058837890625,2.4630584716796875
001,testCookieGreaterThan,39840471,4102379634,3799534325,1,1,"(0.728787899017334, 0.3141225576400757)","(0.709436297416687, 0.32759103178977966)",1,1,2.4276275634765625,2.43634033203125
001,testCookieGreaterThan,39840471,4102387967,3799542658,1,1,"(0.729070782661438, 0.316255122423172)","(0.7103973627090454, 0.3252849578857422)",1,1,2.4324493408203125,2.4105224609375
001,testCookieGreaterThan,39840471,4102396300,3799550991,1,1,"(0.7258968949317932, 0.3147270083427429)","(0.7111439108848572, 0.334847629070282)",1,1,2.4312744140625,2.449371337890625
001,testCookieGreaterThan,39840471,4102404633,3799559324,1,1,"(0.7243747115135193, 0.31686699390411377)","(0.7054139375686646, 0.33580803871154785)",1,1,2.446868896484375,2.430816650390625
001,testCookieGreaterThan,39840471,4102412967,3799567658,1,1,"(0.7227781414985657, 0.3247005045413971)","(0.706998348236084, 0.3365994393825531)",1,1,2.4674530029296875,2.470062255859375
001,testCookieGreaterThan,39840471,4102421300,3799575991,1,1,"(0.7209784984588623, 0.3093356192111969)","(0.7137210369110107, 0.3212229311466217)",1,1,2.437896728515625,2.4190673828125
001,testCookieGreaterThan,39840471,4102429633,3799584324,1,1,"(0.729527473449707, 0.29674604535102844)","(0.7117228507995605, 0.34041884541511536)",1,1,2.4080047607421875,2.4424285888671875
001,testCookieGreaterThan,39840471,4102437967,3799592658,1,1,"(0.7296380996704102, 0.3122667670249939)","(0.7159764170646667, 0.34026360511779785)",1,1,2.4264068603515625,2.444976806640625
001,testCookieGreaterThan,39840471,4102446300,3799600991,1,1,"(0.7254108190536499, 0.3323732316493988)","(0.7102941274642944, 0.3368360698223114)",1,1,2.456817626953125,2.438873291015625
001,testCookieGreaterThan,39840471,4102454633,3799609324,1,1,"(0.7280423045158386, 0.3001057505607605)","(0.7049170136451721, 0.3480418026447296)",1,1,2.4346160888671875,2.435791015625
001,testCookieGreaterThan,39840471,4102462967,3799617658,1,1,"(0.7246330380439758, 0.30898410081863403)","(0.7090035080909729, 0.34305426478385925)",1,1,2.468994140625,2.4500579833984375
001,testCookieGreaterThan,39840471,4102471300,3799625991,1,1,"(0.7298171520233154, 0.3179350197315216)","(0.708744466304779, 0.3436446785926819)",1,1,2.4542694091796875,2.4663543701171875
001,testCookieGreaterThan,39840471,4102479637,3799634328,1,1,"(0.7252141237258911, 0.31692659854888916)","(0.7085172533988953, 0.33058175444602966)",1,1,2.447784423828125,2.4245147705078125
001,testCookieGreaterThan,39840471,4102487971,3799642662,1,1,"(0.7241427898406982, 0.3121333420276642)","(0.712277889251709, 0.33272939920425415)",1,1,2.43145751953125,2.4233856201171875
001,testCookieGreaterThan,39840471,4102496304,3799650995,1,1,"(0.7257711291313171, 0.30166101455688477)","(0.7136806845664978, 0.3347468972206116)",1,1,2.4181671142578125,2.4480438232421875
001,testCookieGreaterThan,39840471,4102504638,3799659329,1,1,"(0.7214751839637756, 0.31672462821006775)","(0.7093486785888672, 0.3380027115345001)",1,1,2.47906494140625,2.4497528076171875
001,testCookieGreaterThan,39840471,4102512971,3799667662,1,1,"(0.7212029099464417, 0.30633169412612915)","(0.7097678780555725, 0.34023112058639526)",1,1,2.41534423828125,2.4552764892578125
001,testCookieGreaterThan,39840471,4102521304,3799675995,1,1,"(0.7251359224319458, 0.31117457151412964)","(0.708463191986084, 0.33917638659477234)",1,1,2.4405517578125,2.463409423828125
001,testCookieGreaterThan,39840471,4102529637,3799684328,1,1,"(0.7250836491584778, 0.3205525279045105)","(0.7111042737960815, 0.33705002069473267)",1,1,2.4910430908203125,2.454559326171875
001,testCookieGreaterThan,39840471,4102537971,3799692662,1,1,"(0.7223349213600159, 0.3027743697166443)","(0.7082763314247131, 0.3420374393463135)",1,1,2.4467315673828125,2.4812469482421875
001,testCookieGreaterThan,39840471,4102546304,3799700995,1,1,"(0.7282577157020569, 0.3061314523220062)","(0.7072599530220032, 0.34731265902519226)",1,1,2.4399261474609375,2.4898834228515625
001,testCookieGreaterThan,39840471,4102554637,3799709328,1,1,"(0.7302473783493042, 0.308169424533844)","(0.7076069712638855, 0.3378535211086273)",1,1,2.4530181884765625,2.4725494384765625
001,testCookieGreaterThan,39840471,4102562971,3799717662,1,1,"(0.7309303879737854, 0.32591190934181213)","(0.709383487701416, 0.32909703254699707)",1,1,2.4885711669921875,2.462799072265625
001,testCookieGreaterThan,39840471,4102571304,3799725995,1,1,"(0.7245813012123108, 0.30774474143981934)","(0.7087352275848389, 0.3440017104148865)",1,1,2.459991455078125,2.48663330078125
001,testCookieGreaterThan,39840471,4102579637,3799734328,1,1,"(0.7293775677680969, 0.30770158767700195)","(0.7131198644638062, 0.32824578881263733)",1,1,2.432830810546875,2.448516845703125
001,testCookieGreaterThan,39840471,4102587971,3799742662,1,1,"(0.7226569056510925, 0.3135356605052948)","(0.7126792073249817, 0.34081733226776123)",1,1,2.448638916015625,2.4495849609375
001,testCookieGreaterThan,39840471,4102596304,3799750995,1,1,"(0.7281232476234436, 0.31416627764701843)","(0.7089943885803223, 0.3476802408695221)",1,1,2.4344024658203125,2.48687744140625
001,testCookieGreaterThan,39840471,4102604637,3799759328,1,1,"(0.7281723618507385, 0.3282305896282196)","(0.7132900357246399, 0.33402565121650696)",1,1,2.456939697265625,2.45751953125
001,testCookieGreaterThan,39840471,4102612978,3799767669,1,1,"(0.7295409440994263, 0.3075871467590332)","(0.7105288505554199, 0.3427223861217499)",1,1,2.426239013671875,2.491363525390625
001,testCookieGreaterThan,39840471,4102621312,3799776003,1,1,"(0.7261249423027039, 0.329402357339859)","(0.71217942237854, 0.3487604856491089)",1,1,2.4918212890625,2.47900390625
001,testCookieGreaterThan,39840471,4102629646,3799784337,1,1,"(0.7257982492446899, 0.31067344546318054)","(0.7145023941993713, 0.32666024565696716)",1,1,2.457000732421875,2.4471588134765625
001,testCookieGreaterThan,39840471,4102637979,3799792670,1,1,"(0.7277659177780151, 0.3385500907897949)","(0.7154126763343811, 0.33356648683547974)",1,1,2.5050048828125,2.47418212890625
001,testCookieGreaterThan,39840471,4102646312,3799801003,1,1,"(0.7268043756484985, 0.32845422625541687)","(0.7120426893234253, 0.34485185146331787)",1,1,2.46795654296875,2.458251953125
001,testCookieGreaterThan,39840471,4102654645,3799809336,1,1,"(0.7257259488105774, 0.3304891288280487)","(0.7122442126274109, 0.3489426374435425)",1,1,2.46966552734375,2.4725189208984375
001,testCookieGreaterThan,39840471,4102662978,3799817669,1,1,"(0.7282763719558716, 0.3313716948032379)","(0.7084718942642212, 0.3561994731426239)",1,1,2.4715576171875,2.4783782958984375
001,testCookieGreaterThan,39840471,4102671312,3799826003,1,1,"(0.7329434156417847, 0.29885557293891907)","(0.7088441252708435, 0.35113397240638733)",1,1,2.400299072265625,2.480712890625
001,testCookieGreaterThan,39840471,4102679645,3799834336,1,1,"(0.730601966381073, 0.3213714063167572)","(0.7062609791755676, 0.34306269884109497)",1,1,2.4587554931640625,2.499176025390625
001,testCookieGreaterThan,39840471,4102687978,3799842669,1,1,"(0.7362062931060791, 0.30196404457092285)","(0.7076857089996338, 0.3469136357307434)",1,1,2.4178924560546875,2.4813079833984375
001,testCookieGreaterThan,39840471,4102696312,3799851003,1,1,"(0.7279868721961975, 0.3011058568954468)","(0.7122856378555298, 0.3450653553009033)",1,1,2.428314208984375,2.4774322509765625
001,testCookieGreaterThan,39840471,4102704645,3799859336,1,1,"(0.7270540595054626, 0.30997413396835327)","(0.7124460339546204, 0.34414249658584595)",1,1,2.466796875,2.456695556640625
001,testCookieGreaterThan,39840471,4102712979,3799867670,1,1,"(0.7336310744285583, 0.30864474177360535)","(0.7109028100967407, 0.3369968831539154)",1,1,2.4576416015625,2.480224609375
001,testCookieGreaterThan,39840471,4102721312,3799876003,1,1,"(0.7284727692604065, 0.3230297863483429)","(0.7146326303482056, 0.34722501039505005)",1,1,2.4795379638671875,2.47686767578125
001,testCookieGreaterThan,39840471,4102729645,3799884336,1,1,"(0.7260836958885193, 0.3158981204032898)","(0.7109318375587463, 0.33848026394844055)",1,1,2.4840545654296875,2.4793701171875
001,testCookieGreaterThan,39840471,4102737978,3799892669,1,1,"(0.7289827466011047, 0.31572064757347107)","(0.7149578928947449, 0.3415132462978363)",1,1,2.478118896484375,2.480499267578125
001,testCookieGreaterThan,39840471,4102746316,3799901007,1,1,"(0.727881908416748, 0.31040507555007935)","(0.7142167687416077, 0.3365768492221832)",1,1,2.4690399169921875,2.4838409423828125
001,testCookieGreaterThan,39840471,4102754650,3799909341,1,1,"(0.726372241973877, 0.31877854466438293)","(0.715033233165741, 0.33085036277770996)",1,1,2.481109619140625,2.4492645263671875
001,testCookieGreaterThan,39840471,4102762982,3799917673,1,1,"(0.72884601354599, 0.3072563707828522)","(0.7099756598472595, 0.36249494552612305)",1,1,2.4420166015625,2.521514892578125
001,testCookieGreaterThan,39840471,4102771316,3799926007,1,1,"(0.7263097167015076, 0.3332665264606476)","(0.7103086709976196, 0.35787272453308105)",1,1,2.516693115234375,2.514892578125
001,testCookieGreaterThan,39840471,4102779649,3799934340,1,1,"(0.7290075421333313, 0.31061655282974243)","(0.7108996510505676, 0.34650176763534546)",1,1,2.4510498046875,2.4806365966796875
001,testCookieGreaterThan,39840471,4102787982,3799942673,1,1,"(0.730469822883606, 0.31617721915245056)","(0.707691490650177, 0.3450008034706116)",1,1,2.4577178955078125,2.4794464111328125
001,testCookieGreaterThan,39840471,4102796316,3799951007,1,1,"(0.7312313318252563, 0.3282634913921356)","(0.7124326229095459, 0.3488461673259735)",1,1,2.4860076904296875,2.5050506591796875
001,testCookieGreaterThan,39840471,4102804648,3799959340,1,1,"(0.7270494699478149, 0.3177722990512848)","(0.709452211856842, 0.3361063301563263)",1,1,2.4695892333984375,2.4842071533203125
001,testCookieGreaterThan,39840471,4102812981,3799967673,1,1,"(0.7340906858444214, 0.3569631278514862)","(0.710481584072113, 0.3383099138736725)",1,1,2.53216552734375,2.492706298828125
001,testCookieGreaterThan,39840471,4102821315,3799976007,1,1,"(0.729637861251831, 0.32817187905311584)","(0.7118754982948303, 0.351718008518219)",1,1,2.5046844482421875,2.5052032470703125
001,testCookieGreaterThan,39840471,4102829648,3799984340,1,1,"(0.7289905548095703, 0.3153679668903351)","(0.7141938209533691, 0.34032535552978516)",1,1,2.4789886474609375,2.4815216064453125
001,testCookieGreaterThan,39840471,4102837982,3799992674,1,1,"(0.7269296646118164, 0.300070196390152)","(0.7130035758018494, 0.333725243806839)",1,1,2.467803955078125,2.49285888671875
001,testCookieGreaterThan,39840471,4102846315,3800001007,1,1,"(0.7175137996673584, 0.3165474236011505)","(0.7116092443466187, 0.33827728033065796)",1,1,2.48040771484375,2.48651123046875
001,testCookieGreaterThan,39840471,4102854648,3800009340,1,1,"(0.7232232689857483, 0.32792651653289795)","(0.7111844420433044, 0.3285953402519226)",1,1,2.5150146484375,2.472381591796875
001,testCookieGreaterThan,39840471,4102862981,3800017673,1,1,"(0.7206826210021973, 0.3270188570022583)","(0.7130124568939209, 0.3388975262641907)",1,1,2.504241943359375,2.4958953857421875
001,testCookieGreaterThan,39840471,4102871318,3800026010,1,1,"(0.7264658212661743, 0.3147028088569641)","(0.7108544111251831, 0.36376264691352844)",1,1,2.5022125244140625,2.5209808349609375
001,testCookieGreaterThan,39840471,4102879651,3800034343,1,1,"(0.7294696569442749, 0.32189640402793884)","(0.7100218534469604, 0.3478070795536041)",1,1,2.4838714599609375,2.5132293701171875
001,testCookieGreaterThan,39840471,4102887984,3800042676,1,1,"(0.7270755767822266, 0.32556813955307007)","(0.7174450755119324, 0.3376137316226959)",1,1,2.5142669677734375,2.4670562744140625
001,testCookieGreaterThan,39840471,4102896318,3800051010,1,1,"(0.7226292490959167, 0.33004137873649597)","(0.7179047465324402, 0.33775264024734497)",1,1,2.479644775390625,2.49945068359375
001,testCookieGreaterThan,39840471,4102904651,3800059343,1,1,"(0.7242026329040527, 0.3301856815814972)","(0.7114277482032776, 0.33291614055633545)",1,1,2.5021514892578125,2.4580230712890625
001,testCookieGreaterThan,39840471,4102912984,3800067676,1,1,"(0.7273263931274414, 0.32063591480255127)","(0.7091784477233887, 0.3667910099029541)",1,1,2.4897918701171875,2.5102386474609375
001,testCookieGreaterThan,39840471,4102921318,3800076010,1,1,"(0.7274307608604431, 0.34061768651008606)","(0.710399329662323, 0.3541238009929657)",1,1,2.531585693359375,2.511260986328125
001,testCookieGreaterThan,39840471,4102929651,3800084343,1,1,"(0.7252573370933533, 0.33350813388824463)","(0.7147011756896973, 0.33805736899375916)",1,1,2.521331787109375,2.481201171875
001,testCookieGreaterThan,39840471,4102937984,3800092676,1,1,"(0.7251456379890442, 0.3158334493637085)","(0.7144901156425476, 0.3368500769138336)",1,1,2.479034423828125,2.490875244140625
001,testCookieGreaterThan,39840471,4102946318,3800101010,1,1,"(0.7298157811164856, 0.3150672912597656)","(0.7097206115722656, 0.34691882133483887)",1,1,2.466400146484375,2.48651123046875
001,testCookieGreaterThan,39840471,4102954651,3800109343,1,1,"(0.7306035757064819, 0.3366279602050781)","(0.7115737795829773, 0.3533179759979248)",1,1,2.4957733154296875,2.5006103515625
001,testCookieGreaterThan,39840471,4102962985,3800117677,1,1,"(0.728341817855835, 0.3128872811794281)","(0.71207594871521, 0.3314216732978821)",1,1,2.4773406982421875,2.4582366943359375
001,testCookieGreaterThan,39840471,4102971318,3800126010,1,1,"(0.7271337509155273, 0.32695242762565613)","(0.7131950855255127, 0.32316097617149353)",1,1,2.5049285888671875,2.4637451171875
001,testCookieGreaterThan,39840471,4102979651,3800134343,1,1,"(0.7307863235473633, 0.31974539160728455)","(0.705593466758728, 0.34489431977272034)",1,1,2.4955902099609375,2.500732421875
001,testCookieGreaterThan,39840471,4102987984,3800142676,1,1,"(0.7338709831237793, 0.31641191244125366)","(0.7098844051361084, 0.34771108627319336)",1,1,2.452239990234375,2.498565673828125
001,testCookieGreaterThan,39840471,4102996318,3800151010,1,1,"(0.7261722087860107, 0.32891562581062317)","(0.7105839848518372, 0.3458874225616455)",1,1,2.4857177734375,2.489898681640625
001,testCookieGreaterThan,39840471,4103004657,3800159349,1,1,"(0.7238940596580505, 0.32121601700782776)","(0.7128485441207886, 0.33107131719589233)",1,1,2.4732513427734375,2.4581451416015625
001,testCookieGreaterThan,39840471,4103012991,3800167682,1,1,"(0.7224759459495544, 0.3256725072860718)","(0.7107842564582825, 0.35728469491004944)",1,1,2.5027008056640625,2.5141754150390625
001,testCookieGreaterThan,39840471,4103021325,3800176016,1,1,"(0.7206910848617554, 0.3500966727733612)","(0.7051652669906616, 0.3634416162967682)",1,1,2.4806365966796875,2.477294921875
001,testCookieGreaterThan,39840471,4103029658,3800184349,1,1,"(0.7246363759040833, 0.4256586730480194)","(0.706108570098877, 0.412120521068573)",1,1,2.5169677734375,2.47540283203125
001,testCookieGreaterThan,39840471,4103037991,3800192682,1,1,"(0.7438942193984985, 0.44055017828941345)","(0.7201138138771057, 0.4363483488559723)",1,1,2.5275726318359375,2.4710235595703125
001,testCookieGreaterThan,39840471,4103046325,3800201016,1,1,"(0.7278315424919128, 0.4430219531059265)","(0.7066780924797058, 0.42975252866744995)",1,1,2.4730072021484375,2.471405029296875
001,testCookieGreaterThan,39840471,4103054658,3800209349,1,1,"(0.7266128659248352, 0.4442896544933319)","(0.7143020629882812, 0.4258600175380707)",1,1,2.485443115234375,2.4162139892578125
001,testCookieGreaterThan,39840471,4103062991,3800217682,1,1,"(0.7314437031745911, 0.44331255555152893)","(0.713141143321991, 0.44496914744377136)",1,1,2.5380706787109375,2.4710235595703125
001,testCookieGreaterThan,39840471,4103071325,3800226016,1,1,"(0.729030430316925, 0.44995465874671936)","(0.7086150050163269, 0.44217681884765625)",1,1,2.4642791748046875,2.45379638671875
001,testCookieGreaterThan,39840471,4103079658,3800234349,1,1,"(0.7314009666442871, 0.46238619089126587)","(0.7098865509033203, 0.4545415937900543)",1,1,2.52142333984375,2.4778900146484375
001,testCookieGreaterThan,39840471,4103087992,3800242683,1,1,"(0.7307306528091431, 0.4537915289402008)","(0.7156457304954529, 0.43176940083503723)",1,1,2.494964599609375,2.456939697265625
001,testCookieGreaterThan,39840471,4103096324,3800251015,1,1,"(0.7331752777099609, 0.4404337704181671)","(0.711664617061615, 0.43302449584007263)",1,1,2.495147705078125,2.4168548583984375
001,testCookieGreaterThan,39840471,4103104658,3800259349,1,1,"(0.7305997014045715, 0.43911680579185486)","(0.7141137719154358, 0.4678487181663513)",1,1,2.501953125,2.4972381591796875
001,testCookieGreaterThan,39840471,4103112991,3800267682,1,1,"(0.7302761077880859, 0.4246204197406769)","(0.714080810546875, 0.46491676568984985)",1,1,2.4620819091796875,2.477691650390625
001,testCookieGreaterThan,39840471,4103121325,3800276016,1,1,"(0.7298838496208191, 0.4348491132259369)","(0.7113602161407471, 0.4527370035648346)",1,1,2.476776123046875,2.451507568359375
001,testCookieGreaterThan,39840471,4103129658,3800284349,1,1,"(0.7273138761520386, 0.41858306527137756)","(0.7120150923728943, 0.4463713765144348)",1,1,2.4605712890625,2.4608917236328125
001,testCookieGreaterThan,39840471,4103137997,3800292688,1,1,"(0.731655478477478, 0.4340178668498993)","(0.7103713154792786, 0.4550267159938812)",1,1,2.4694976806640625,2.4727020263671875
001,testCookieGreaterThan,39840471,4103146330,3800301021,1,1,"(0.7262914776802063, 0.4553767442703247)","(0.707400381565094, 0.4624693989753723)",1,1,2.5023956298828125,2.489471435546875
001,testCookieGreaterThan,39840471,4103154664,3800309355,1,1,"(0.7287651300430298, 0.44132763147354126)","(0.7124066352844238, 0.4494393765926361)",1,1,2.4889984130859375,2.4431915283203125
001,testCookieGreaterThan,39840471,4103162997,3800317688,1,1,"(0.7293351292610168, 0.45873790979385376)","(0.7091013789176941, 0.4347838759422302)",1,1,2.5413665771484375,2.413909912109375
001,testCookieGreaterThan,39840471,4103171331,3800326022,1,1,"(0.7289654612541199, 0.45949554443359375)","(0.7174345254898071, 0.45026347041130066)",1,1,2.5150909423828125,2.44659423828125
001,testCookieGreaterThan,39840471,4103179664,3800334355,1,1,"(0.7294570803642273, 0.4349551498889923)","(0.7154974341392517, 0.45425868034362793)",1,1,2.480438232421875,2.447601318359375
001,testCookieGreaterThan,39840471,4103187997,3800342688,1,1,"(0.7242173552513123, 0.4329179525375366)","(0.7163617014884949, 0.4553913176059723)",1,1,2.477020263671875,2.453857421875
001,testCookieGreaterThan,39840471,4103196330,3800351021,1,1,"(0.7236093282699585, 0.43409299850463867)","(0.7121791839599609, 0.45309165120124817)",1,1,2.4871063232421875,2.4798583984375
001,testCookieGreaterThan,39840471,4103204664,3800359355,1,1,"(0.7300112247467041, 0.43310311436653137)","(0.712874710559845, 0.45471370220184326)",1,1,2.4604949951171875,2.4919281005859375
001,testCookieGreaterThan,39840471,4103212997,3800367689,1,1,"(0.7311503887176514, 0.41662123799324036)","(0.7130076289176941, 0.44205373525619507)",1,1,2.444610595703125,2.439208984375
001,testCookieGreaterThan,39840471,4103221329,3800376021,1,1,"(0.7379192113876343, 0.43299537897109985)","(0.7101188898086548, 0.44963428378105164)",1,1,2.4667510986328125,2.458770751953125
001,testCookieGreaterThan,39840471,4103229663,3800384355,1,1,"(0.7235586047172546, 0.4545097053050995)","(0.7110743522644043, 0.45928651094436646)",1,1,2.5165557861328125,2.4984130859375
001,testCookieGreaterThan,39840471,4103237996,3800392688,1,1,"(0.7358390688896179, 0.4392090439796448)","(0.7095209956169128, 0.43785130977630615)",1,1,2.479095458984375,2.440155029296875
001,testCookieGreaterThan,39840471,4103246329,3800401021,1,1,"(0.730352520942688, 0.46409642696380615)","(0.713812530040741, 0.44598910212516785)",1,1,2.5061492919921875,2.462310791015625
001,testCookieGreaterThan,39840471,4103254663,3800409355,1,1,"(0.730181872844696, 0.4603361189365387)","(0.7095930576324463, 0.44479474425315857)",1,1,2.4985198974609375,2.4516143798828125
001,testCookieGreaterThan,39840471,4103262999,3800417691,1,1,"(0.7319101691246033, 0.44296029210090637)","(0.710995078086853, 0.4421013295650482)",1,1,2.480865478515625,2.4565887451171875
001,testCookieGreaterThan,39840471,4103271332,3800426024,1,1,"(0.7262083888053894, 0.4760509431362152)","(0.7118088006973267, 0.4462997019290924)",1,1,2.555755615234375,2.4517669677734375
001,testCookieGreaterThan,39840471,4103279666,3800434358,1,1,"(0.7309682369232178, 0.44387760758399963)","(0.7105326652526855, 0.43823108077049255)",1,1,2.515045166015625,2.4289093017578125
001,testCookieGreaterThan,39840471,4103287999,3800442691,1,1,"(0.7273054122924805, 0.45513004064559937)","(0.7086076736450195, 0.42766737937927246)",1,1,2.5000457763671875,2.4361419677734375
001,testCookieGreaterThan,39840471,4103296333,3800451025,1,1,"(0.7290416955947876, 0.46894362568855286)","(0.7076215744018555, 0.4524874687194824)",1,1,2.5218963623046875,2.4748992919921875
001,testCookieGreaterThan,39840471,4103304666,3800459358,1,1,"(0.730559229850769, 0.45004338026046753)","(0.7108393907546997, 0.45834922790527344)",1,1,2.4773101806640625,2.4718170166015625
001,testCookieGreaterThan,39840471,4103312999,3800467691,1,1,"(0.7246205806732178, 0.4616355299949646)","(0.7122344374656677, 0.4505768418312073)",1,1,2.5053253173828125,2.4868927001953125
001,testCookieGreaterThan,39840471,4103321332,3800476024,1,1,"(0.7273032069206238, 0.4486521780490875)","(0.7150489091873169, 0.4415758550167084)",1,1,2.489471435546875,2.4444580078125
001,testCookieGreaterThan,39840471,4103329666,3800484358,1,1,"(0.7268847227096558, 0.46507468819618225)","(0.709871768951416, 0.44946518540382385)",1,1,2.5418548583984375,2.4479827880859375
001,testCookieGreaterThan,39840471,4103338000,3800492692,1,1,"(0.7330849766731262, 0.45605865120887756)","(0.7112932205200195, 0.45053303241729736)",1,1,2.5012664794921875,2.45648193359375
001,testCookieGreaterThan,39840471,4103346332,3800501024,1,1,"(0.7294001579284668, 0.45435822010040283)","(0.7115687727928162, 0.444306880235672)",1,1,2.4874725341796875,2.450286865234375
001,testCookieGreaterThan,39840471,4103354666,3800509358,1,1,"(0.7343674302101135, 0.440898060798645)","(0.7077385187149048, 0.45382386445999146)",1,1,2.4826202392578125,2.453155517578125
001,testCookieGreaterThan,39840471,4103362999,3800517691,1,1,"(0.733100950717926, 0.45421287417411804)","(0.7079823613166809, 0.46668705344200134)",1,1,2.52447509765625,2.491729736328125
001,testCookieGreaterThan,39840471,4103371332,3800526024,1,1,"(0.7338359951972961, 0.4419999122619629)","(0.706990659236908, 0.4684309661388397)",1,1,2.4706878662109375,2.5161590576171875
001,testCookieGreaterThan,39840471,4103379666,3800534358,1,1,"(0.7297517657279968, 0.4603697657585144)","(0.7061673998832703, 0.46510839462280273)",1,1,2.551116943359375,2.5106201171875
001,testCookieGreaterThan,39840471,4103387999,3800542691,1,1,"(0.7319974303245544, 0.4541279971599579)","(0.7149789333343506, 0.4369392395019531)",1,1,2.4937744140625,2.4405517578125
001,testCookieGreaterThan,39840471,4103396337,3800551029,1,1,"(0.7381487488746643, 0.452260285615921)","(0.714488685131073, 0.4621460437774658)",1,1,2.515716552734375,2.514373779296875
001,testCookieGreaterThan,39840471,4103404671,3800559363,1,1,"(0.7318823337554932, 0.45975467562675476)","(0.7151193618774414, 0.4287984371185303)",1,1,2.53045654296875,2.4533233642578125
001,testCookieGreaterThan,39840471,4103413004,3800567696,1,1,"(0.7329345345497131, 0.4401080310344696)","(0.7176384329795837, 0.43441349267959595)",1,1,2.4889068603515625,2.4776763916015625
001,testCookieGreaterThan,39840471,4103421338,3800576030,1,1,"(0.7298129796981812, 0.45559099316596985)","(0.7141889333724976, 0.4299570322036743)",1,1,2.5116424560546875,2.476715087890625
001,testCookieGreaterThan,39840471,4103429671,3800584363,1,1,"(0.7303552627563477, 0.44612187147140503)","(0.7148312330245972, 0.4469791650772095)",1,1,2.5042724609375,2.478546142578125
001,testCookieGreaterThan,39840471,4103438004,3800592696,1,1,"(0.7270668745040894, 0.455234169960022)","(0.7146684527397156, 0.4432877004146576)",1,1,2.5265045166015625,2.4624786376953125
001,testCookieGreaterThan,39840471,4103446337,3800601029,1,1,"(0.7318073511123657, 0.4575303792953491)","(0.7140467762947083, 0.4422001838684082)",1,1,2.5062408447265625,2.4513702392578125
001,testCookieGreaterThan,39840471,4103454671,3800609363,1,1,"(0.7288811802864075, 0.4447086751461029)","(0.7136669158935547, 0.43936267495155334)",1,1,2.496063232421875,2.4617156982421875
001,testCookieGreaterThan,39840471,4103463004,3800617696,1,1,"(0.7296509742736816, 0.44354915618896484)","(0.710993766784668, 0.4576947093009949)",1,1,2.4951934814453125,2.4764251708984375
001,testCookieGreaterThan,39840471,4103471337,3800626029,1,1,"(0.728556752204895, 0.45824262499809265)","(0.7100515961647034, 0.4458581507205963)",1,1,2.4977569580078125,2.4737396240234375
001,testCookieGreaterThan,39840471,4103479671,3800634363,1,1,"(0.735359787940979, 0.45256567001342773)","(0.7092224955558777, 0.4652935266494751)",1,1,2.5252227783203125,2.53741455078125
001,testCookieGreaterThan,39840471,4103488004,3800642696,1,1,"(0.7345938086509705, 0.4614015817642212)","(0.7148997187614441, 0.43632152676582336)",1,1,2.5401458740234375,2.4652862548828125
001,testCookieGreaterThan,39840471,4103496337,3800651029,1,1,"(0.7341532707214355, 0.4514238238334656)","(0.7097412347793579, 0.44361674785614014)",1,1,2.5003662109375,2.462066650390625
001,testCookieGreaterThan,39840471,4103504671,3800659363,1,1,"(0.7271985411643982, 0.4628123641014099)","(0.7136394381523132, 0.44275733828544617)",1,1,2.555328369140625,2.478485107421875
001,testCookieGreaterThan,39840471,4103513004,3800667696,1,1,"(0.7321088910102844, 0.45634812116622925)","(0.7080470323562622, 0.4644037187099457)",1,1,2.5299224853515625,2.513580322265625
001,testCookieGreaterThan,39840471,4103521337,3800676029,1,1,"(0.728273868560791, 0.4487385153770447)","(0.7087101340293884, 0.4510402977466583)",1,1,2.5330657958984375,2.52423095703125
001,testCookieGreaterThan,39840471,4103529676,3800684368,1,1,"(0.7301657199859619, 0.44311419129371643)","(0.7119867205619812, 0.4464746117591858)",1,1,2.5110015869140625,2.5037689208984375
001,testCookieGreaterThan,39840471,4103538009,3800692701,1,1,"(0.7348203063011169, 0.4388483166694641)","(0.709134042263031, 0.45801809430122375)",1,1,2.515594482421875,2.518096923828125
001,testCookieGreaterThan,39840471,4103546343,3800701035,1,1,"(0.7327154874801636, 0.4533967971801758)","(0.7139553427696228, 0.43937018513679504)",1,1,2.5191650390625,2.4712371826171875
001,testCookieGreaterThan,39840471,4103554676,3800709368,1,1,"(0.7280659675598145, 0.4444563388824463)","(0.712512195110321, 0.42979487776756287)",1,1,2.528533935546875,2.4632415771484375
001,testCookieGreaterThan,39840471,4103563009,3800717701,1,1,"(0.7307900786399841, 0.45693543553352356)","(0.7126673460006714, 0.45250287652015686)",1,1,2.5210113525390625,2.4869384765625
001,testCookieGreaterThan,39840471,4103571342,3800726034,1,1,"(0.7299137115478516, 0.46825188398361206)","(0.7113289833068848, 0.45622649788856506)",1,1,2.52496337890625,2.48651123046875
001,testCookieGreaterThan,39840471,4103579676,3800734368,1,1,"(0.7311463356018066, 0.45892637968063354)","(0.7135341167449951, 0.45738333463668823)",1,1,2.5218505859375,2.4810943603515625
001,testCookieGreaterThan,39840471,4103588009,3800742701,1,1,"(0.7307255268096924, 0.46145108342170715)","(0.7105607986450195, 0.4737592339515686)",1,1,2.54644775390625,2.5261993408203125
001,testCookieGreaterThan,39840471,4103596342,3800751034,1,1,"(0.7308460474014282, 0.4688936173915863)","(0.7093558311462402, 0.4706825315952301)",1,1,2.5192108154296875,2.52093505859375
001,testCookieGreaterThan,39840471,4103604676,3800759368,1,1,"(0.7339280247688293, 0.45121777057647705)","(0.7136812210083008, 0.4423941969871521)",1,1,2.5297393798828125,2.4629974365234375
001,testCookieGreaterThan,39840471,4103613009,3800767701,1,1,"(0.7291339039802551, 0.4583098590373993)","(0.7096955180168152, 0.45825180411338806)",1,1,2.5544586181640625,2.4990692138671875
001,testCookieGreaterThan,39840471,4103621342,3800776034,1,1,"(0.7294130325317383, 0.427173912525177)","(0.7124829292297363, 0.44781404733657837)",1,1,2.486328125,2.4796905517578125
001,testCookieGreaterThan,39840471,4103629676,3800784368,1,1,"(0.7347232103347778, 0.44168469309806824)","(0.7142701745033264, 0.44563835859298706)",1,1,2.513763427734375,2.462005615234375
001,testCookieGreaterThan,39840471,4103638009,3800792701,1,1,"(0.7308792471885681, 0.4599617123603821)","(0.71510249376297, 0.4590795636177063)",1,1,2.54449462890625,2.504974365234375
001,testCookieGreaterThan,39840471,4103646342,3800801034,1,1,"(0.7304497361183167, 0.44200095534324646)","(0.7130382657051086, 0.44879642128944397)",1,1,2.52545166015625,2.4935302734375
001,testCookieGreaterThan,39840471,4103654676,3800809368,1,1,"(0.7276513576507568, 0.44586965441703796)","(0.7114490270614624, 0.4497891664505005)",1,1,2.530914306640625,2.4878387451171875
001,testCookieGreaterThan,39840471,4103663014,3800817706,1,1,"(0.732434093952179, 0.433017760515213)","(0.7103060483932495, 0.4436587989330292)",1,1,2.5211639404296875,2.4874267578125
001,testCookieGreaterThan,39840471,4103671348,3800826040,1,1,"(0.7307582497596741, 0.4590624272823334)","(0.709844172000885, 0.4521547257900238)",1,1,2.5628662109375,2.4803466796875
001,testCookieGreaterThan,39840471,4103679680,3800834372,1,1,"(0.7280969023704529, 0.4581245481967926)","(0.7098426222801208, 0.46546128392219543)",1,1,2.5614013671875,2.5291900634765625
001,testCookieGreaterThan,39840471,4103688014,3800842706,1,1,"(0.7321912050247192, 0.4396975040435791)","(0.7088329195976257, 0.44364848732948303)",1,1,2.5161590576171875,2.489715576171875
001,testCookieGreaterThan,39840471,4103696347,3800851039,1,1,"(0.7292614579200745, 0.45791447162628174)","(0.7104986310005188, 0.44932448863983154)",1,1,2.5553436279296875,2.4907684326171875
001,testCookieGreaterThan,39840471,4103704681,3800859373,1,1,"(0.7327791452407837, 0.4617573022842407)","(0.7083773016929626, 0.4461657404899597)",1,1,2.55474853515625,2.50067138671875
001,testCookieGreaterThan,39840471,4103713014,3800867706,1,1,"(0.7269999384880066, 0.43872058391571045)","(0.7082968950271606, 0.4618043899536133)",1,1,2.5037689208984375,2.513153076171875
001,testCookieGreaterThan,39840471,4103721347,3800876039,1,1,"(0.730836033821106, 0.43920227885246277)","(0.7075992822647095, 0.45610085129737854)",1,1,2.5247039794921875,2.512237548828125
001,testCookieGreaterThan,39840471,4103729680,3800884372,1,1,"(0.727562665939331, 0.46842554211616516)","(0.7079774141311646, 0.444963276386261)",1,1,2.5694122314453125,2.5021209716796875
001,testCookieGreaterThan,39840471,4103738014,3800892706,1,1,"(0.7281264662742615, 0.48169028759002686)","(0.7122276425361633, 0.4486573338508606)",1,1,2.58221435546875,2.484222412109375
001,testCookieGreaterThan,39840471,4103746347,3800901039,1,1,"(0.7355496287345886, 0.4669991731643677)","(0.7111141681671143, 0.4552842378616333)",1,1,2.560546875,2.5085601806640625
001,testCookieGreaterThan,39840471,4103754681,3800909373,1,1,"(0.7290331125259399, 0.4488450288772583)","(0.7091059684753418, 0.4481734335422516)",1,1,2.54803466796875,2.4924468994140625
001,testCookieGreaterThan,39840471,4103763014,3800917706,1,1,"(0.7304083108901978, 0.44667497277259827)","(0.7079461812973022, 0.46473076939582825)",1,1,2.5124359130859375,2.51361083984375
001,testCookieGreaterThan,39840471,4103771347,3800926039,1,1,"(0.73163902759552, 0.4612114429473877)","(0.7125075459480286, 0.45734116435050964)",1,1,2.55462646484375,2.486541748046875
001,testCookieGreaterThan,39840471,4103779680,3800934372,1,1,"(0.7345691323280334, 0.46825695037841797)","(0.711712658405304, 0.45480024814605713)",1,1,2.5323028564453125,2.5036163330078125
001,testCookieGreaterThan,39840471,4103788016,3800942708,1,1,"(0.7338748574256897, 0.4575701355934143)","(0.7116844058036804, 0.4498690664768219)",1,1,2.539794921875,2.5010528564453125
001,testCookieGreaterThan,39840471,4103796350,3800951042,1,1,"(0.7334578037261963, 0.4611664414405823)","(0.7147279977798462, 0.43192487955093384)",1,1,2.53570556640625,2.4603271484375
001,testCookieGreaterThan,39840471,4103804682,3800959374,1,1,"(0.7329334020614624, 0.46684327721595764)","(0.7073147296905518, 0.44184574484825134)",1,1,2.5548095703125,2.4686126708984375
001,testCookieGreaterThan,39840471,4103813016,3800967708,1,1,"(0.7268231511116028, 0.4621466398239136)","(0.7149026989936829, 0.4527595639228821)",1,1,2.5425262451171875,2.4965667724609375
001,testCookieGreaterThan,39840471,4103821349,3800976041,1,1,"(0.7285221219062805, 0.48098787665367126)","(0.714502215385437, 0.4782329499721527)",1,1,2.555450439453125,2.5040130615234375
001,testCookieGreaterThan,39840471,4103829682,3800984374,1,1,"(0.73329097032547, 0.4572960138320923)","(0.716330349445343, 0.4584886431694031)",1,1,2.508697509765625,2.4996337890625
001,testCookieGreaterThan,39840471,4103838016,3800992708,1,1,"(0.7329568862915039, 0.46654200553894043)","(0.7175787687301636, 0.4638660252094269)",1,1,2.556915283203125,2.493133544921875
001,testCookieGreaterThan,39840471,4103846349,3801001041,1,1,"(0.7312701940536499, 0.44412702322006226)","(0.7140320539474487, 0.4479588270187378)",1,1,2.520111083984375,2.4657135009765625
001,testCookieGreaterThan,39840471,4103854682,3801009374,1,1,"(0.7281086444854736, 0.45945975184440613)","(0.7119938135147095, 0.47657573223114014)",1,1,2.5373992919921875,2.5188446044921875
001,testCookieGreaterThan,39840471,4103863016,3801017708,1,1,"(0.7202332615852356, 0.48451024293899536)","(0.7098888158798218, 0.4831257462501526)",1,1,2.5285797119140625,2.49554443359375
001,testCookieGreaterThan,39840471,4103871349,3801026041,1,1,"(0.710238516330719, 0.5004763603210449)","(0.6991791725158691, 0.4936735928058624)",1,1,2.481475830078125,2.448333740234375
001,testCookieGreaterThan,39840471,4103879683,3801034375,1,1,"(0.7231211066246033, 0.5095484852790833)","(0.6969227194786072, 0.5324710607528687)",1,1,2.4701385498046875,2.4978179931640625
001,testCookieGreaterThan,39840471,4103888016,3801042708,1,1,"(0.7257999777793884, 0.5263729095458984)","(0.7115830779075623, 0.5408425331115723)",1,1,2.4899444580078125,2.4814605712890625
001,testCookieGreaterThan,39840471,4103896349,3801051041,1,1,"(0.7253397703170776, 0.5565264225006104)","(0.717610239982605, 0.5440012216567993)",1,1,2.542694091796875,2.5095367431640625
001,testCookieGreaterThan,39840471,4103904682,3801059374,1,1,"(0.7420811057090759, 0.5606476068496704)","(0.7151594161987305, 0.5515903234481812)",1,1,2.5103759765625,2.4886322021484375
001,testCookieGreaterThan,39840471,4103913016,3801067708,1,1,"(0.7445775270462036, 0.5434116125106812)","(0.7192433476448059, 0.5483936071395874)",1,1,2.4784698486328125,2.4801483154296875
001,testCookieGreaterThan,39840471,4103921357,3801076049,1,1,"(0.7300001382827759, 0.5306442975997925)","(0.7138241529464722, 0.550675094127655)",1,1,2.4616546630859375,2.5141448974609375
001,testCookieGreaterThan,39840471,4103929690,3801084382,1,1,"(0.7322528958320618, 0.5373007655143738)","(0.7124221324920654, 0.543712854385376)",1,1,2.5066375732421875,2.4713134765625
001,testCookieGreaterThan,39840471,4103938024,3801092716,1,1,"(0.7349499464035034, 0.5682292580604553)","(0.7157604098320007, 0.544731616973877)",1,1,2.581024169921875,2.4916229248046875
001,testCookieGreaterThan,39840471,4103946357,3801101049,1,1,"(0.7364665865898132, 0.5601247549057007)","(0.711142897605896, 0.548237144947052)",1,1,2.556854248046875,2.53668212890625
001,testCookieGreaterThan,39840471,4103954690,3801109382,0,1,"(nan, nan)","(0.7124382257461548, 0.5561850070953369)",0,1,nan,2.500823974609375
001,testCookieGreaterThan,39840471,4103963024,3801117716,1,1,"(0.7311708927154541, 0.5433219075202942)","(0.7174600958824158, 0.5558046698570251)",1,1,2.502777099609375,2.506072998046875
001,testCookieGreaterThan,39840471,4103971357,3801126049,1,1,"(0.7353882789611816, 0.5570383667945862)","(0.7151902914047241, 0.5582507848739624)",1,1,2.536865234375,2.521240234375
001,testCookieGreaterThan,39840471,4103979690,3801134382,1,1,"(0.7384052276611328, 0.5382766723632812)","(0.7132136225700378, 0.549275815486908)",1,1,2.493927001953125,2.493499755859375
001,testCookieGreaterThan,39840471,4103988024,3801142716,1,1,"(0.7396830916404724, 0.5731239318847656)","(0.7169656753540039, 0.5509176254272461)",1,1,2.560150146484375,2.5008544921875
001,testCookieGreaterThan,39840471,4103996357,3801151049,1,1,"(0.7361650466918945, 0.5436301231384277)","(0.7175443172454834, 0.5554667115211487)",1,1,2.5110931396484375,2.529541015625
001,testCookieGreaterThan,39840471,4104004691,3801159383,1,1,"(0.7375150918960571, 0.5371530652046204)","(0.7174853682518005, 0.5568059086799622)",1,1,2.459716796875,2.5166778564453125
001,testCookieGreaterThan,39840471,4104013024,3801167716,1,1,"(0.7326528429985046, 0.55350661277771)","(0.7132110595703125, 0.554349422454834)",1,1,2.5052032470703125,2.5320892333984375
001,testCookieGreaterThan,39840471,4104021357,3801176049,1,1,"(0.7368515133857727, 0.5380141139030457)","(0.7106391787528992, 0.5471941828727722)",1,1,2.481658935546875,2.4839935302734375
001,testCookieGreaterThan,39840471,4104029690,3801184382,1,1,"(0.7284557819366455, 0.5528672933578491)","(0.7123194336891174, 0.55057692527771)",1,1,2.542236328125,2.50390625
001,testCookieGreaterThan,39840471,4104038024,3801192716,1,1,"(0.7368504405021667, 0.5304199457168579)","(0.7086348533630371, 0.5637776255607605)",1,1,2.496795654296875,2.50286865234375
001,testCookieGreaterThan,39840471,4104046357,3801201049,1,1,"(0.7369879484176636, 0.5489400625228882)","(0.7170513272285461, 0.5651471614837646)",1,1,2.532135009765625,2.5146331787109375
001,testCookieGreaterThan,39840471,4104054694,3801209386,1,1,"(0.7382825613021851, 0.5430019497871399)","(0.7098619341850281, 0.5529550909996033)",1,1,2.49658203125,2.4837646484375
001,testCookieGreaterThan,39840471,4104063028,3801217720,1,1,"(0.7383580207824707, 0.5589407086372375)","(0.7168620824813843, 0.5527075529098511)",1,1,2.5546112060546875,2.499481201171875
001,testCookieGreaterThan,39840471,4104071361,3801226053,1,1,"(0.737354576587677, 0.5540523529052734)","(0.7140670418739319, 0.5593366026878357)",1,1,2.5133056640625,2.497802734375
001,testCookieGreaterThan,39840471,4104079694,3801234386,1,1,"(0.7365071177482605, 0.5460347533226013)","(0.7147172689437866, 0.5468147397041321)",1,1,2.4867706298828125,2.4484100341796875
001,testCookieGreaterThan,39840471,4104088028,3801242720,1,1,"(0.7360156774520874, 0.5567317605018616)","(0.7103604674339294, 0.5587581992149353)",1,1,2.5297393798828125,2.5076141357421875
001,testCookieGreaterThan,39840471,4104096361,3801251053,1,1,"(0.7323898673057556, 0.5445347428321838)","(0.7119008302688599, 0.547141969203949)",1,1,2.5176849365234375,2.4565277099609375
001,testCookieGreaterThan,39840471,4104104694,3801259386,1,1,"(0.7319483757019043, 0.5266966819763184)","(0.7095271348953247, 0.5493860244750977)",1,1,2.4795074462890625,2.484466552734375
001,testCookieGreaterThan,39840471,4104113029,3801267720,1,1,"(0.7294864654541016, 0.5380424857139587)","(0.7159925699234009, 0.5478909015655518)",1,1,2.5050201416015625,2.4969635009765625
001,testCookieGreaterThan,39840471,4104121362,3801276053,1,1,"(0.7327473163604736, 0.5016533732414246)","(0.7155210375785828, 0.5537533164024353)",1,1,2.4115753173828125,2.51239013671875
001,testCookieGreaterThan,39840471,4104129696,3801284387,1,1,"(0.7300311326980591, 0.5348041653633118)","(0.7142314314842224, 0.5557231307029724)",1,1,2.469940185546875,2.5064697265625
001,testCookieGreaterThan,39840471,4104138029,3801292720,1,1,"(0.7318795323371887, 0.5148515701293945)","(0.7131389379501343, 0.5557430386543274)",1,1,2.480621337890625,2.5087127685546875
001,testCookieGreaterThan,39840471,4104146362,3801301053,1,1,"(0.7296550273895264, 0.5293731689453125)","(0.708381175994873, 0.5482069849967957)",1,1,2.5018463134765625,2.5047607421875
001,testCookieGreaterThan,39840471,4104154695,3801309386,1,1,"(0.72812819480896, 0.542385458946228)","(0.7070363163948059, 0.5603632926940918)",1,1,2.5050506591796875,2.5209808349609375
001,testCookieGreaterThan,39840471,4104163028,3801317719,1,1,"(0.7331202626228333, 0.5349060893058777)","(0.7078085541725159, 0.5582886338233948)",1,1,2.494720458984375,2.514801025390625
001,testCookieGreaterThan,39840471,4104171362,3801326053,1,1,"(0.7288025617599487, 0.5608188509941101)","(0.7134521007537842, 0.5586037039756775)",1,1,2.5595550537109375,2.5138702392578125
001,testCookieGreaterThan,39840471,4104179695,3801334386,1,1,"(0.7282049655914307, 0.5372814536094666)","(0.7170997858047485, 0.5615120530128479)",1,1,2.50445556640625,2.516845703125
001,testCookieGreaterThan,39840471,4104188032,3801342723,1,1,"(0.7275592684745789, 0.5656911134719849)","(0.7118954658508301, 0.5604487657546997)",1,1,2.5732421875,2.5204010009765625
001,testCookieGreaterThan,39840471,4104196365,3801351056,1,1,"(0.7279868125915527, 0.5349863767623901)","(0.7107465863227844, 0.5544192790985107)",1,1,2.51953125,2.48876953125
001,testCookieGreaterThan,39840471,4104204698,3801359389,1,1,"(0.7334451079368591, 0.5211778283119202)","(0.7107118964195251, 0.5625386238098145)",1,1,2.475494384765625,2.493011474609375
001,testCookieGreaterThan,39840471,4104213032,3801367723,1,1,"(0.7277529239654541, 0.5458493828773499)","(0.7104954719543457, 0.5580673813819885)",1,1,2.5145263671875,2.5078582763671875
001,testCookieGreaterThan,39840471,4104221365,3801376056,1,1,"(0.726870059967041, 0.5483312010765076)","(0.7094833850860596, 0.5582042336463928)",1,1,2.495330810546875,2.5331573486328125
001,testCookieGreaterThan,39840471,4104229698,3801384389,1,1,"(0.7362277507781982, 0.5691995024681091)","(0.7113956809043884, 0.5404563546180725)",1,1,2.536041259765625,2.489990234375
001,testCookieGreaterThan,39840471,4104238031,3801392722,1,1,"(0.7351705431938171, 0.557605504989624)","(0.7097779512405396, 0.5576050877571106)",1,1,2.5397186279296875,2.540740966796875
001,testCookieGreaterThan,39840471,4104246365,3801401056,1,1,"(0.7304892539978027, 0.558013916015625)","(0.7139109969139099, 0.5496094226837158)",1,1,2.5218048095703125,2.4826812744140625
001,testCookieGreaterThan,39840471,4104254699,3801409390,1,1,"(0.7312352061271667, 0.5162158012390137)","(0.7158678770065308, 0.5472835302352905)",1,1,2.445709228515625,2.5014801025390625
001,testCookieGreaterThan,39840471,4104263031,3801417722,1,1,"(0.7284464836120605, 0.5722135305404663)","(0.7103021144866943, 0.5360368490219116)",1,1,2.5640106201171875,2.48175048828125
001,testCookieGreaterThan,39840471,4104271365,3801426056,1,1,"(0.7303642630577087, 0.5764400362968445)","(0.7168095707893372, 0.5456025004386902)",1,1,2.569580078125,2.480712890625
001,testCookieGreaterThan,39840471,4104279698,3801434389,1,1,"(0.7377415299415588, 0.5302131175994873)","(0.7161970138549805, 0.5356597304344177)",1,1,2.459930419921875,2.473358154296875
001,testCookieGreaterThan,39840471,4104288031,3801442722,1,1,"(0.7305408716201782, 0.5434511303901672)","(0.7113538384437561, 0.5541526675224304)",1,1,2.4863433837890625,2.510528564453125
001,testCookieGreaterThan,39840471,4104296365,3801451056,1,1,"(0.731413722038269, 0.5517921447753906)","(0.7113469839096069, 0.5563094019889832)",1,1,2.501617431640625,2.50262451171875
001,testCookieGreaterThan,39840471,4104304698,3801459389,1,1,"(0.7314706444740295, 0.5494498014450073)","(0.713718831539154, 0.5552323460578918)",1,1,2.477691650390625,2.49188232421875
001,testCookieGreaterThan,39840471,4104313036,3801467727,1,1,"(0.7295531034469604, 0.5471813678741455)","(0.7129630446434021, 0.5572624802589417)",1,1,2.4747161865234375,2.494140625
001,testCookieGreaterThan,39840471,4104321370,3801476061,1,1,"(0.7308866381645203, 0.5659609436988831)","(0.711383581161499, 0.558408796787262)",1,1,2.491973876953125,2.478485107421875
001,testCookieGreaterThan,39840471,4104329703,3801484394,1,1,"(0.7279065847396851, 0.5590289235115051)","(0.7114420533180237, 0.5575199723243713)",1,1,2.4713134765625,2.488861083984375
001,testCookieGreaterThan,39840471,4104338037,3801492728,1,1,"(0.7323862910270691, 0.5396127700805664)","(0.7144517302513123, 0.5459341406822205)",1,1,2.4561614990234375,2.4686737060546875
001,testCookieGreaterThan,39840471,4104346370,3801501061,1,1,"(0.7343672513961792, 0.5530273914337158)","(0.7144016027450562, 0.5600174069404602)",1,1,2.4424896240234375,2.467681884765625
001,testCookieGreaterThan,39840471,4104354703,3801509394,1,1,"(0.7281582355499268, 0.5503326058387756)","(0.7126209139823914, 0.5556657910346985)",1,1,2.46856689453125,2.4883575439453125
001,testCookieGreaterThan,39840471,4104363036,3801517727,1,1,"(0.7271589040756226, 0.5434982776641846)","(0.7119863629341125, 0.5439024567604065)",1,1,2.472412109375,2.47052001953125
001,testCookieGreaterThan,39840471,4104371370,3801526061,1,1,"(0.7341320514678955, 0.5648248195648193)","(0.7076690196990967, 0.5585649013519287)",1,1,2.4792022705078125,2.4923858642578125
001,testCookieGreaterThan,39840471,4104379704,3801534395,1,1,"(0.7341120839118958, 0.5451657772064209)","(0.7067516446113586, 0.5627985596656799)",1,1,2.4544677734375,2.4833526611328125
001,testCookieGreaterThan,39840471,4104388036,3801542727,1,1,"(0.7365117073059082, 0.5631864666938782)","(0.7158079147338867, 0.5569080710411072)",1,1,2.4947662353515625,2.4876251220703125
001,testCookieGreaterThan,39840471,4104396370,3801551061,1,1,"(0.7331880927085876, 0.5673141479492188)","(0.7095248103141785, 0.5466136932373047)",1,1,2.4810333251953125,2.4604949951171875
001,testCookieGreaterThan,39840471,4104404703,3801559394,1,1,"(0.7303574681282043, 0.5553237795829773)","(0.712352991104126, 0.5585892200469971)",1,1,2.4975128173828125,2.473602294921875
001,testCookieGreaterThan,39840471,4104413036,3801567727,1,1,"(0.7288191318511963, 0.5599302649497986)","(0.7122195959091187, 0.5555475354194641)",1,1,2.4688873291015625,2.475341796875
001,testCookieGreaterThan,39840471,4104421370,3801576061,1,1,"(0.7319844365119934, 0.5605967044830322)","(0.720589816570282, 0.5414711833000183)",1,1,2.51385498046875,2.4442901611328125
001,testCookieGreaterThan,39840471,4104429703,3801584394,1,1,"(0.7258080244064331, 0.539474606513977)","(0.7113204598426819, 0.5525484085083008)",1,1,2.457275390625,2.44500732421875
001,testCookieGreaterThan,39840471,4104438036,3801592727,1,1,"(0.7237482666969299, 0.555140495300293)","(0.7129458785057068, 0.5578814744949341)",1,1,2.50653076171875,2.46636962890625
001,testCookieGreaterThan,39840471,4104446376,3801601067,1,1,"(0.7243330478668213, 0.5406017303466797)","(0.7127771377563477, 0.5565352439880371)",1,1,2.4448394775390625,2.45599365234375
001,testCookieGreaterThan,39840471,4104454709,3801609400,1,1,"(0.7338197827339172, 0.5464311838150024)","(0.7114844918251038, 0.5584151148796082)",1,1,2.4825897216796875,2.470977783203125
001,testCookieGreaterThan,39840471,4104463043,3801617734,1,1,"(0.7369593977928162, 0.5415562391281128)","(0.714384913444519, 0.560710608959198)",1,1,2.4477996826171875,2.4521331787109375
001,testCookieGreaterThan,39840471,4104471376,3801626067,1,1,"(0.7307156324386597, 0.5393074750900269)","(0.7132834196090698, 0.5538560748100281)",1,1,2.4520111083984375,2.455078125
001,testCookieGreaterThan,39840471,4104479709,3801634400,1,1,"(0.7300504446029663, 0.5464219450950623)","(0.7122883796691895, 0.5603252649307251)",1,1,2.482666015625,2.47198486328125
001,testCookieGreaterThan,39840471,4104488042,3801642733,1,1,"(0.7319331169128418, 0.5481145977973938)","(0.7180975675582886, 0.5627091526985168)",1,1,2.423919677734375,2.4828643798828125
001,testCookieGreaterThan,39840471,4104496376,3801651067,1,1,"(0.7327569723129272, 0.5666441321372986)","(0.7115822434425354, 0.5515788793563843)",1,1,2.488861083984375,2.48114013671875
001,testCookieGreaterThan,39840471,4104504709,3801659400,1,1,"(0.7383477687835693, 0.5388087034225464)","(0.7109321355819702, 0.5661201477050781)",1,1,2.4215240478515625,2.48931884765625
001,testCookieGreaterThan,39840471,4104513042,3801667733,1,1,"(0.7300955653190613, 0.5486432313919067)","(0.7090229988098145, 0.5466803312301636)",1,1,2.444091796875,2.443634033203125
001,testCookieGreaterThan,39840471,4104521376,3801676067,1,1,"(0.7317199110984802, 0.5531789660453796)","(0.710374116897583, 0.554881751537323)",1,1,2.4384918212890625,2.470123291015625
001,testCookieGreaterThan,39840471,4104529709,3801684400,1,1,"(0.7302442789077759, 0.5528451800346375)","(0.7136470675468445, 0.5624553561210632)",1,1,2.4645843505859375,2.4722137451171875
001,testCookieGreaterThan,39840471,4104538042,3801692733,1,1,"(0.7329301834106445, 0.5348218679428101)","(0.7124590277671814, 0.5342435240745544)",1,1,2.4233245849609375,2.4061279296875
001,testCookieGreaterThan,39840471,4104546376,3801701067,1,1,"(0.728618323802948, 0.5519352555274963)","(0.7132025361061096, 0.5456420183181763)",1,1,2.44146728515625,2.4670867919921875
001,testCookieGreaterThan,39840471,4104554709,3801709400,1,1,"(0.7379392981529236, 0.5495105385780334)","(0.7089008092880249, 0.5597048401832581)",1,1,2.4357757568359375,2.48028564453125
001,testCookieGreaterThan,39840471,4104563042,3801717733,1,1,"(0.7328826785087585, 0.5358348488807678)","(0.7113468050956726, 0.542112410068512)",1,1,2.4267730712890625,2.4426727294921875
001,testCookieGreaterThan,39840471,4104571376,3801726067,1,1,"(0.7315505743026733, 0.5296097993850708)","(0.7107383608818054, 0.5574589371681213)",1,1,2.3930816650390625,2.4534759521484375
001,testCookieGreaterThan,39840471,4104579714,3801734405,1,1,"(0.7302688360214233, 0.5552032589912415)","(0.7142879962921143, 0.5489643812179565)",1,1,2.4643402099609375,2.42926025390625
001,testCookieGreaterThan,39840471,4104588048,3801742739,1,1,"(0.7300059795379639, 0.5363465547561646)","(0.713231086730957, 0.5554345846176147)",1,1,2.4478302001953125,2.464599609375
001,testCookieGreaterThan,39840471,4104596381,3801751072,1,1,"(0.7266554236412048, 0.5524333715438843)","(0.7102324962615967, 0.541010320186615)",1,1,2.420806884765625,2.4403228759765625
001,testCookieGreaterThan,39840471,4104604714,3801759405,1,1,"(0.7297727465629578, 0.5368688702583313)","(0.7093462347984314, 0.5573434233665466)",1,1,2.418487548828125,2.466705322265625
001,testCookieGreaterThan,39840471,4104613047,3801767738,1,1,"(0.7378303408622742, 0.5535443425178528)","(0.7103903889656067, 0.5490098595619202)",1,1,2.4629364013671875,2.44805908203125
001,testCookieGreaterThan,39840471,4104621381,3801776072,1,1,"(0.7336391806602478, 0.5711241960525513)","(0.7054290175437927, 0.5516211986541748)",1,1,2.4571990966796875,2.457305908203125
001,testCookieGreaterThan,39840471,4104629714,3801784405,1,1,"(0.7294347882270813, 0.5346003770828247)","(0.7074897289276123, 0.5646861791610718)",1,1,2.389312744140625,2.4941864013671875
001,testCookieGreaterThan,39840471,4104638047,3801792738,1,1,"(0.7290781736373901, 0.5678339004516602)","(0.710533618927002, 0.5368427634239197)",1,1,2.47723388671875,2.429962158203125
001,testCookieGreaterThan,39840471,4104646381,3801801072,1,1,"(0.7259120941162109, 0.5810160636901855)","(0.7104309797286987, 0.5621557831764221)",1,1,2.5121917724609375,2.459075927734375
001,testCookieGreaterThan,39840471,4104654714,3801809405,1,1,"(0.7330021858215332, 0.5564977526664734)","(0.714687168598175, 0.5630031228065491)",1,1,2.4622955322265625,2.4321441650390625
001,testCookieGreaterThan,39840471,4104663047,3801817738,1,1,"(0.7361268997192383, 0.5447838306427002)","(0.7121654152870178, 0.5580043196678162)",1,1,2.4586334228515625,2.4384613037109375
001,testCookieGreaterThan,39840471,4104671381,3801826072,1,1,"(0.7300274968147278, 0.5498033165931702)","(0.7135331630706787, 0.5454545021057129)",1,1,2.47625732421875,2.42010498046875
001,testCookieGreaterThan,39840471,4104679714,3801834405,1,1,"(0.7289718389511108, 0.5493907928466797)","(0.7111209034919739, 0.5535669922828674)",1,1,2.4628448486328125,2.440704345703125
001,testCookieGreaterThan,39840471,4104688047,3801842738,1,1,"(0.7344516515731812, 0.5518782734870911)","(0.7082769274711609, 0.5498490333557129)",1,1,2.48187255859375,2.4439697265625
001,testCookieGreaterThan,39840471,4104696381,3801851072,1,1,"(0.7357825040817261, 0.5388663411140442)","(0.7129084467887878, 0.5540844798088074)",1,1,2.4382476806640625,2.4497528076171875
001,testCookieGreaterThan,39840471,4104704716,3801859407,1,1,"(0.7248079180717468, 0.5671944618225098)","(0.710644543170929, 0.5598770380020142)",1,1,2.4695587158203125,2.446441650390625
001,testCookieGreaterThan,39840471,4104713050,3801867741,1,1,"(0.7300228476524353, 0.5680030584335327)","(0.7081993222236633, 0.5574667453765869)",1,1,2.479278564453125,2.447265625
001,testCookieGreaterThan,39840471,4104721382,3801876073,1,1,"(0.7385171055793762, 0.5671805739402771)","(0.7225410342216492, 0.5497273802757263)",1,1,2.4974822998046875,2.4214019775390625
001,testCookieGreaterThan,39840471,4104729716,3801884407,1,1,"(0.7857748866081238, 0.6026753187179565)","(0.7781330347061157, 0.6004993915557861)",1,1,2.519561767578125,2.55224609375
001,testCookieGreaterThan,39840471,4104738049,3801892740,1,1,"(0.8356595635414124, 0.5914711952209473)","(0.8521625399589539, 0.5811269283294678)",1,1,2.5525054931640625,2.4874725341796875
001,testCookieGreaterThan,39840471,4104746382,3801901073,1,1,"(0.897055447101593, 0.6032131910324097)","(0.9048014879226685, 0.5808132290840149)",1,1,2.5847320556640625,2.4688262939453125
001,testCookieGreaterThan,39840471,4104754716,3801909407,1,1,"(0.9267666339874268, 0.5837447047233582)","(0.9309026598930359, 0.5791589617729187)",1,1,2.4988250732421875,2.4429779052734375
001,testCookieGreaterThan,39840471,4104763049,3801917740,1,1,"(0.9317514300346375, 0.5842146277427673)","(0.9285504817962646, 0.5983999371528625)",1,1,2.475128173828125,2.423675537109375
001,testCookieGreaterThan,39840471,4104771382,3801926073,1,1,"(0.9307309985160828, 0.5791152715682983)","(0.9267818927764893, 0.5795847177505493)",1,1,2.5040435791015625,2.470794677734375
001,testCookieGreaterThan,39840471,4104779716,3801934407,1,1,"(0.9349247217178345, 0.5904123783111572)","(0.9338860511779785, 0.5897539258003235)",1,1,2.56573486328125,2.4538116455078125
001,testCookieGreaterThan,39840471,4104788049,3801942740,1,1,"(0.9407601356506348, 0.5828798413276672)","(0.9318335652351379, 0.591166615486145)",1,1,2.497833251953125,2.4495086669921875
001,testCookieGreaterThan,39840471,4104796383,3801951074,1,1,"(0.9384962916374207, 0.5729833841323853)","(0.9261450171470642, 0.6049305200576782)",1,1,2.4731292724609375,2.4524078369140625
001,testCookieGreaterThan,39840471,4104804716,3801959407,1,0,"(0.933724045753479, 0.5828890204429626)","(nan, nan)",1,0,2.514617919921875,nan
001,testCookieGreaterThan,39840471,4104813049,3801967740,1,1,"(0.9388887882232666, 0.593960702419281)","(0.9266334772109985, 0.595805823802948)",1,1,2.5160064697265625,2.469970703125
001,testCookieGreaterThan,39840471,4104821382,3801976073,1,1,"(0.9311560988426208, 0.6156018972396851)","(0.9321531653404236, 0.5901675224304199)",1,1,2.5663299560546875,2.4373779296875
001,testCookieGreaterThan,39840471,4104829716,3801984407,1,1,"(0.9417523145675659, 0.5832738280296326)","(0.9270931482315063, 0.5890800356864929)",1,1,2.50634765625,2.4569091796875
001,testCookieGreaterThan,39840471,4104838057,3801992748,1,1,"(0.9335926175117493, 0.6000949740409851)","(0.9300833940505981, 0.5865254998207092)",1,1,2.533905029296875,2.4532318115234375
001,testCookieGreaterThan,39840471,4104846389,3802001080,1,1,"(0.9321261644363403, 0.6147416830062866)","(0.9241911768913269, 0.5890572667121887)",1,1,2.534820556640625,2.47802734375
001,testCookieGreaterThan,39840471,4104854723,3802009414,1,1,"(0.9393584132194519, 0.5999351143836975)","(0.9270179867744446, 0.5900121927261353)",1,1,2.4943695068359375,2.4757843017578125
001,testCookieGreaterThan,39840471,4104863056,3802017747,1,1,"(0.9371621608734131, 0.5987523198127747)","(0.9256802797317505, 0.5909802317619324)",1,1,2.520965576171875,2.461578369140625
001,testCookieGreaterThan,39840471,4104871389,3802026080,1,1,"(0.9350036978721619, 0.5943873524665833)","(0.9277540445327759, 0.5931674838066101)",1,1,2.5153045654296875,2.46240234375
001,testCookieGreaterThan,39840471,4104879723,3802034414,1,1,"(0.9348434209823608, 0.6000481843948364)","(0.9312601089477539, 0.6011388897895813)",1,1,2.4977874755859375,2.459075927734375
001,testCookieGreaterThan,39840471,4104888056,3802042747,1,1,"(0.9357475638389587, 0.6155731081962585)","(0.9257301092147827, 0.6084451675415039)",1,1,2.5175018310546875,2.484039306640625
001,testCookieGreaterThan,39840471,4104896389,3802051080,1,1,"(0.9330986142158508, 0.6207220554351807)","(0.9268942475318909, 0.6070315837860107)",1,1,2.5298614501953125,2.487518310546875
001,testCookieGreaterThan,39840471,4104904723,3802059414,1,1,"(0.9297176003456116, 0.6041985154151917)","(0.9248531460762024, 0.5999621152877808)",1,1,2.549102783203125,2.4666595458984375
001,testCookieGreaterThan,39840471,4104913056,3802067747,1,1,"(0.9426001906394958, 0.5943909883499146)","(0.9297765493392944, 0.598140299320221)",1,1,2.4979095458984375,2.4655609130859375
001,testCookieGreaterThan,39840471,4104921390,3802076081,1,1,"(0.9468324780464172, 0.5984629392623901)","(0.9233085513114929, 0.6023498773574829)",1,1,2.52752685546875,2.4864349365234375
001,testCookieGreaterThan,39840471,4104929723,3802084414,1,0,"(0.9432870745658875, 0.604280948638916)","(nan, nan)",1,0,2.488555908203125,nan
001,testCookieGreaterThan,39840471,4104938056,3802092747,1,1,"(0.9388846158981323, 0.6122111082077026)","(0.919928252696991, 0.6054040789604187)",1,1,2.531585693359375,2.4981536865234375
001,testCookieGreaterThan,39840471,4104946389,3802101080,1,1,"(0.9371813535690308, 0.6034651398658752)","(0.9260104298591614, 0.5984678268432617)",1,1,2.5197296142578125,2.4756317138671875
001,testCookieGreaterThan,39840471,4104954723,3802109414,1,1,"(0.9411942362785339, 0.6017686724662781)","(0.926268994808197, 0.5944609642028809)",1,1,2.51947021484375,2.4672393798828125
001,testCookieGreaterThan,39840471,4104963057,3802117748,1,1,"(0.9411507248878479, 0.5929796099662781)","(0.9263961315155029, 0.6099389791488647)",1,1,2.5205535888671875,2.45855712890625
001,testCookieGreaterThan,39840471,4104971392,3802126083,1,1,"(0.9474372267723083, 0.5848877429962158)","(0.9213051795959473, 0.5934514999389648)",1,1,2.5018768310546875,2.4504852294921875
001,testCookieGreaterThan,39840471,4104979726,3802134417,1,1,"(0.939236581325531, 0.5939468741416931)","(0.921165406703949, 0.5934810042381287)",1,1,2.5059356689453125,2.449554443359375
001,testCookieGreaterThan,39840471,4104988059,3802142750,1,1,"(0.9338850378990173, 0.6189306974411011)","(0.9286776185035706, 0.6002717018127441)",1,1,2.54559326171875,2.4725494384765625
001,testCookieGreaterThan,39840471,4104996392,3802151083,1,1,"(0.9399473071098328, 0.5998826622962952)","(0.9241900444030762, 0.6052101850509644)",1,1,2.4890289306640625,2.4875335693359375
001,testCookieGreaterThan,39840471,4105004726,3802159417,1,1,"(0.9286748766899109, 0.6074015498161316)","(0.9207655787467957, 0.6177617907524109)",1,1,2.51251220703125,2.499359130859375
001,testCookieGreaterThan,39840471,4105013059,3802167750,1,1,"(0.9377492070198059, 0.5943254828453064)","(0.9290233850479126, 0.6067124605178833)",1,1,2.4982452392578125,2.49774169921875
001,testCookieGreaterThan,39840471,4105021392,3802176083,1,1,"(0.9398291110992432, 0.572143018245697)","(0.9237187504768372, 0.6143633127212524)",1,1,2.484619140625,2.4684906005859375
001,testCookieGreaterThan,39840471,4105029726,3802184417,1,1,"(0.9329096078872681, 0.5802041888237)","(0.927209198474884, 0.6059653759002686)",1,1,2.5067901611328125,2.496551513671875
001,testCookieGreaterThan,39840471,4105038059,3802192750,1,1,"(0.9389331936836243, 0.5913442373275757)","(0.9268178939819336, 0.6023237109184265)",1,1,2.552032470703125,2.513275146484375
001,testCookieGreaterThan,39840471,4105046393,3802201084,1,1,"(0.9309893846511841, 0.5797244310379028)","(0.9271478056907654, 0.5928165912628174)",1,1,2.5267486572265625,2.4775543212890625
001,testCookieGreaterThan,39840471,4105054726,3802209417,1,1,"(0.9403370022773743, 0.5974750518798828)","(0.9230440855026245, 0.5948319435119629)",1,1,2.55010986328125,2.4887542724609375
001,testCookieGreaterThan,39840471,4105063059,3802217750,1,1,"(0.9436019659042358, 0.599647581577301)","(0.9222376346588135, 0.6001033186912537)",1,1,2.5307159423828125,2.505462646484375
001,testCookieGreaterThan,39840471,4105071392,3802226083,1,1,"(0.9341458082199097, 0.5965269804000854)","(0.9209871888160706, 0.5875792503356934)",1,1,2.539703369140625,2.4697265625
001,testCookieGreaterThan,39840471,4105079726,3802234417,1,1,"(0.9362778663635254, 0.6030623316764832)","(0.9240390658378601, 0.6253122687339783)",1,1,2.5379486083984375,2.5217132568359375
001,testCookieGreaterThan,39840471,4105088059,3802242750,1,1,"(0.9314848184585571, 0.6022067070007324)","(0.9182344079017639, 0.607485294342041)",1,1,2.5384521484375,2.5036468505859375
001,testCookieGreaterThan,39840471,4105096397,3802251088,1,1,"(0.9321454763412476, 0.6070007681846619)","(0.9214205145835876, 0.6006205677986145)",1,1,2.5675048828125,2.499603271484375
001,testCookieGreaterThan,39840471,4105104731,3802259422,1,1,"(0.9364213347434998, 0.6038773655891418)","(0.9173455238342285, 0.6162433624267578)",1,1,2.5367889404296875,2.5034637451171875
001,testCookieGreaterThan,39840471,4105113064,3802267755,1,0,"(0.9365665912628174, 0.6122728586196899)","(nan, nan)",1,0,2.5682373046875,nan
001,testCookieGreaterThan,39840471,4105121397,3802276088,1,1,"(0.9320769906044006, 0.596269428730011)","(0.9217907190322876, 0.6112156510353088)",1,1,2.556121826171875,2.5124664306640625
001,testCookieGreaterThan,39840471,4105129731,3802284422,1,0,"(0.9378597736358643, 0.6095775961875916)","(nan, nan)",1,0,2.544891357421875,nan
001,testCookieGreaterThan,39840471,4105138064,3802292755,1,1,"(0.9343517422676086, 0.6053065657615662)","(0.9160476922988892, 0.6091721057891846)",1,1,2.55889892578125,2.5316314697265625
001,testCookieGreaterThan,39840471,4105146397,3802301088,1,1,"(0.9321317672729492, 0.6056607365608215)","(0.9217554926872253, 0.6045194268226624)",1,1,2.5315704345703125,2.4955596923828125
001,testCookieGreaterThan,39840471,4105154731,3802309422,1,1,"(0.9381277561187744, 0.5981357097625732)","(0.9257107973098755, 0.6164367198944092)",1,1,2.5322723388671875,2.5359039306640625
001,testCookieGreaterThan,39840471,4105163064,3802317755,1,1,"(0.94007408618927, 0.593190610408783)","(0.9285179376602173, 0.5986065864562988)",1,1,2.52508544921875,2.49578857421875
001,testCookieGreaterThan,39840471,4105171398,3802326089,1,1,"(0.9401059150695801, 0.6014450192451477)","(0.9247432351112366, 0.6035787463188171)",1,1,2.5428924560546875,2.4948272705078125
001,testCookieGreaterThan,39840471,4105179731,3802334422,1,1,"(0.9389187693595886, 0.5919988751411438)","(0.9231753349304199, 0.5989869832992554)",1,1,2.5431976318359375,2.48199462890625
001,testCookieGreaterThan,39840471,4105188064,3802342755,1,1,"(0.9348680973052979, 0.604995846748352)","(0.9230719208717346, 0.5927179455757141)",1,1,2.5541229248046875,2.5212860107421875
001,testCookieGreaterThan,39840471,4105196397,3802351088,1,0,"(0.9367437958717346, 0.5973965525627136)","(nan, nan)",1,0,2.54193115234375,nan
001,testCookieGreaterThan,39840471,4105204731,3802359422,1,1,"(0.9380952715873718, 0.5978240370750427)","(0.9264214038848877, 0.5928727388381958)",1,1,2.5739898681640625,2.4757537841796875
001,testCookieGreaterThan,39840471,4105213065,3802367755,1,1,"(0.9378551840782166, 0.6015550494194031)","(0.9240679144859314, 0.6003017425537109)",1,1,2.5640106201171875,2.4621429443359375
001,testCookieGreaterThan,39840471,4105221398,3802376088,1,1,"(0.9238013625144958, 0.5915547013282776)","(0.9224674105644226, 0.5985472202301025)",1,1,2.5503692626953125,2.4878387451171875
001,testCookieGreaterThan,39840471,4105229738,3802384428,1,1,"(0.8557780385017395, 0.5712733268737793)","(0.8838225603103638, 0.5470201969146729)",1,1,2.5978240966796875,2.5095977783203125
001,testCookieGreaterThan,39840471,4105238071,3802392761,1,1,"(0.7902339696884155, 0.46093693375587463)","(0.8241362571716309, 0.4779643714427948)",1,1,2.5848388671875,2.5306396484375
001,testCookieGreaterThan,39840471,4105246404,3802401094,1,1,"(0.7821317315101624, 0.4117441773414612)","(0.7917841672897339, 0.4075334072113037)",1,1,2.6045989990234375,2.4959564208984375
001,testCookieGreaterThan,39840471,4105254738,3802409428,1,1,"(0.7548398971557617, 0.37990447878837585)","(0.7706800103187561, 0.3841950595378876)",1,1,2.600982666015625,2.543060302734375
001,testCookieGreaterThan,39840471,4105263071,3802417761,1,1,"(0.7580167055130005, 0.34149786829948425)","(0.7604776620864868, 0.38089868426322937)",1,1,2.568115234375,2.5674896240234375
001,testCookieGreaterThan,39840471,4105271404,3802426094,1,1,"(0.7607243657112122, 0.3712407350540161)","(0.759433925151825, 0.37092962861061096)",1,1,2.5955810546875,2.5441131591796875
001,testCookieGreaterThan,39840471,4105279737,3802434427,1,1,"(0.7606177926063538, 0.3549419343471527)","(0.7554715871810913, 0.3549010157585144)",1,1,2.57666015625,2.4990081787109375
001,testCookieGreaterThan,39840471,4105288071,3802442761,1,1,"(0.7634289860725403, 0.34811148047447205)","(0.7487716674804688, 0.3763440251350403)",1,1,2.562591552734375,2.56585693359375
