participant_id,function_name,function_id,key_pressed,timestamp
participant_id,function_name,function_id,key_pressed,timestamp
participant_id,function_name,function_id,key_pressed,timestamp
participant_id,function_name,function_id,key_pressed,timestamp
participant_id,function_name,function_id,key_pressed,timestamp
participant_id,function_name,function_id,key_pressed,timestamp
participant_id,function_name,function_id,key_pressed,timestamp
participant_id,function_name,function_id,key_pressed,timestamp
000,setTopAttributes,22628734,[,2023-01-02 20:04:10.000188
000,joinTableRender,18252350,[,2023-01-02 20:09:14.822805
000,asMap,22624602,[,2023-01-02 20:19:18.466181
000,createServerChooser,35553791,[,2023-01-02 20:20:17.779589
000,addDbArgs,18251847,[,2023-01-02 20:23:36.859097
000,documentLoadingCompleted,3934822,[,2023-01-02 20:24:46.497261
000,rectangle,37563349,[,2023-01-02 20:30:33.010868
000,rectangle,37563349,F,2023-01-02 20:30:33.139604
000,getRodinDBStatus,19505695,[,2023-01-02 20:34:45.006573
000,getRodinDBStatus,19505695,[,2023-01-02 20:34:50.168646
000,searchRecipe,18421665,[,2023-01-02 21:13:59.389896
participant_id,function_name,function_id,key_pressed,timestamp
participant_id,function_name,function_id,key_pressed,timestamp
participant_id,function_name,function_id,key_pressed,timestamp
participant_id,function_name,function_id,key_pressed,timestamp
participant_id,function_name,function_id,key_pressed,timestamp
000,joinTableRender,18252350,[,2023-01-05 13:40:09.195272
participant_id,function_name,function_id,key_pressed,timestamp
participant_id,function_name,function_id,key_pressed,timestamp
participant_id,function_name,function_id,key_pressed,timestamp
participant_id,function_name,function_id,key_pressed,timestamp
participant_id,function_name,function_id,key_pressed,timestamp
participant_id,function_name,function_id,key_pressed,timestamp
participant_id,function_name,function_id,key_pressed,timestamp
participant_id,function_name,function_id,key_pressed,timestamp
000,setSecurityMode,38737384,,2023-01-07 16:03:58.552572
000,setSecurityMode,38737384,,2023-01-07 16:03:58.701542
participant_id,function_name,function_id,key_pressed,timestamp
participant_id,function_name,function_id,key_pressed,timestamp
participant_id,function_name,function_id,key_pressed,timestamp
participant_id,function_name,function_id,key_pressed,timestamp
participant_id,function_name,function_id,key_pressed,timestamp
participant_id,function_name,function_id,key_pressed,timestamp
participant_id,function_name,function_id,key_pressed,timestamp
participant_id,function_name,function_id,key_pressed,timestamp
000,setSecurityMode,38737384,[,2023-01-07 22:34:06.589724
participant_id,function_name,function_id,key_pressed,timestamp
participant_id,function_name,function_id,key_pressed,timestamp
000,setSecurityMode,38737384,[,2023-01-07 22:36:59.415142
participant_id,function_name,function_id,key_pressed,timestamp
000,createServerChooser,35553791,[,2023-01-07 22:47:57.247437
participant_id,function_name,function_id,key_pressed,timestamp
participant_id,function_name,function_id,key_pressed,timestamp
participant_id,function_name,function_id,key_pressed,timestamp
000,connectionErrorOccurred,26412118,[,2023-01-07 23:59:24.466639
participant_id,function_name,function_id,key_pressed,timestamp
participant_id,function_name,function_id,key_pressed,timestamp
000,setTopAttributes,22628734,[,2023-01-08 00:19:48.207484
000,setNamedItem,1810886,[,2023-01-08 08:50:37.942839
000,update,46106919,[,2023-01-08 08:57:01.571851
000,visitRetStmt,13482891,[,2023-01-08 09:33:55.757197
participant_id,function_name,function_id,key_pressed,timestamp
000,setTopAttributes,22628734,[,2023-01-08 09:41:04.343541
000,compareTo,17121898,[,2023-01-08 09:44:03.917774
000,getClassNameForLookAndFeel,19218425,[,2023-01-08 09:54:14.904886
000,genIdents,29854794,,2023-01-08 09:55:54.867589
000,genIdents,29854794,,2023-01-08 09:55:54.870241
000,genIdents,29854794,I,2023-01-08 09:55:54.980500
000,genIdents,29854794,,2023-01-08 09:55:56.813223
000,genIdents,29854794,,2023-01-08 09:55:56.817409
000,genIdents,29854794,I,2023-01-08 09:55:57.125183
000,genIdents,29854794,[,2023-01-08 09:55:57.782778
000,genIdents,29854794,,2023-01-08 09:55:57.782938
000,genIdents,29854794,I,2023-01-08 09:55:57.893003
000,genIdents,29854794,,2023-01-08 09:56:11.988489
000,genIdents,29854794,[,2023-01-08 09:56:11.991280
000,genIdents,29854794,I,2023-01-08 09:56:12.125819
000,addDbArgs,18251847,[,2023-01-08 09:57:22.191910
000,testDeleteFornecedor,33793341,[,2023-01-08 10:07:13.648480
000,getNAGString,43137003,[,2023-01-08 10:11:48.606648
000,showLatestPlan,18418213,[,2023-01-08 10:14:43.407159
000,rectangle,37563349,[,2023-01-08 10:16:01.591754
000,rectangle,37563349,[,2023-01-08 10:16:07.017779
000,doOutput,26501411,[,2023-01-08 10:16:12.596564
000,saveCRCReply,43419611,[,2023-01-08 10:22:09.971647
000,init,34413808,[,2023-01-08 10:22:26.113870
participant_id,function_name,function_id,key_pressed,timestamp
participant_id,function_name,function_id,key_pressed,timestamp
participant_id,function_name,function_id,key_pressed,timestamp
000,tellAgain,18912425,[,2023-01-08 10:57:38.364832
000,createServerChooser,35553791,[,2023-01-08 11:05:00.952639
000,createServerChooser,35553791,[,2023-01-08 11:05:16.423727
000,createServerChooser,35553791,[,2023-01-08 11:05:26.023312
participant_id,function_name,function_id,key_pressed,timestamp
000,setSecurityMode,38737384,,2023-01-08 11:17:58.184576
000,setSecurityMode,38737384,[,2023-01-08 11:17:58.184767
000,setSecurityMode,38737384,I,2023-01-08 11:17:58.256575
000,connectionErrorOccurred,26412118,[,2023-01-08 11:29:37.117202
000,connectionErrorOccurred,26412118,,2023-01-08 11:29:40.731764
000,connectionErrorOccurred,26412118,[,2023-01-08 11:29:40.738133
000,connectionErrorOccurred,26412118,I,2023-01-08 11:29:41.168981
000,tellAgain,18912425,,2023-01-08 11:30:15.972027
000,tellAgain,18912425,[,2023-01-08 11:30:15.974382
000,tellAgain,18912425,I,2023-01-08 11:30:16.138672
000,asMap,22624602,,2023-01-08 11:32:40.594070
000,asMap,22624602,[,2023-01-08 11:32:40.596745
000,asMap,22624602,I,2023-01-08 11:32:40.755982
participant_id,function_name,function_id,key_pressed,timestamp
000,setSecurityMode,38737384,],2023-01-08 20:41:08.123682
000,setSecurityMode,38737384,,2023-01-08 20:41:08.126275
000,setSecurityMode,38737384,I,2023-01-08 20:41:08.838203
000,setTopAttributes,22628734,,2023-01-08 20:43:07.715566
000,setTopAttributes,22628734,],2023-01-08 20:43:07.715765
000,setTopAttributes,22628734,I,2023-01-08 20:43:08.039026
000,joinTableRender,18252350,,2023-01-08 20:46:23.477942
000,joinTableRender,18252350,],2023-01-08 20:46:23.480571
000,joinTableRender,18252350,I,2023-01-08 20:46:24.022827
000,compareTo,17121898,],2023-01-08 20:47:04.325818
000,compareTo,17121898,,2023-01-08 20:47:04.390393
000,compareTo,17121898,I,2023-01-08 20:47:04.752115
000,setNamedItem,1810886,[,2023-01-08 20:48:17.838047
000,setNamedItem,1810886,,2023-01-08 20:48:17.840970
000,setNamedItem,1810886,I,2023-01-08 20:48:17.905998
000,wndPreferences,38184555,,2023-01-08 20:49:23.862956
000,wndPreferences,38184555,,2023-01-08 20:49:23.885735
000,wndPreferences,38184555,I,2023-01-08 20:49:24.050413
000,wndPreferences,38184555,,2023-01-08 20:49:24.864566
000,wndPreferences,38184555,[,2023-01-08 20:49:24.867488
000,wndPreferences,38184555,I,2023-01-08 20:49:24.941417
000,createGraphModel,27802185,[,2023-01-08 21:00:09.216450
000,getEffect,47571922,[,2023-01-08 21:18:37.864434
participant_id,function_name,function_id,key_pressed,timestamp
000,encode,33519720,],2023-01-08 22:19:34.806649
000,encode,33519720,,2023-01-08 22:19:34.809322
000,encode,33519720,I,2023-01-08 22:19:35.351580
participant_id,function_name,function_id,key_pressed,timestamp
participant_id,function_name,function_id,key_pressed,timestamp
000,setSecurityMode,38737384,,2023-01-09 14:57:22.090327
000,setSecurityMode,38737384,,2023-01-09 14:57:22.121528
000,setSecurityMode,38737384,,2023-01-09 14:57:23.462076
000,setSecurityMode,38737384,,2023-01-09 14:59:52.842044
000,setSecurityMode,38737384,,2023-01-09 14:59:53.297593
000,setTopAttributes,22628734,,2023-01-09 15:01:34.253534
000,setTopAttributes,22628734,,2023-01-09 15:01:34.793536
000,joinTableRender,18252350,,2023-01-09 15:01:53.073774
000,joinTableRender,18252350,,2023-01-09 15:01:54.105644
000,compareTo,17121898,,2023-01-09 15:02:11.777723
000,compareTo,17121898,,2023-01-09 15:02:12.957457
000,setNamedItem,1810886,,2023-01-09 15:02:23.761777
000,setNamedItem,1810886,,2023-01-09 15:02:24.565674
000,wndPreferences,38184555,,2023-01-09 15:02:38.041690
000,wndPreferences,38184555,,2023-01-09 15:02:38.693636
000,update,46106919,,2023-01-09 15:02:49.689765
000,update,46106919,,2023-01-09 15:02:50.837545
000,connectionErrorOccurred,26412118,,2023-01-09 15:02:59.530296
000,connectionErrorOccurred,26412118,,2023-01-09 15:03:00.333558
000,tellAgain,18912425,,2023-01-09 15:03:16.473742
000,tellAgain,18912425,,2023-01-09 15:03:16.849707
000,asMap,22624602,,2023-01-09 15:03:39.089627
000,asMap,22624602,,2023-01-09 15:03:39.557736
000,createServerChooser,35553791,A,2023-01-09 15:03:49.913651
000,createServerChooser,35553791,D,2023-01-09 15:03:49.995098
000,createServerChooser,35553791,S,2023-01-09 15:03:49.995268
000,createServerChooser,35553791,F,2023-01-09 15:03:50.145678
000,createServerChooser,35553791,ยบ,2023-01-09 15:03:50.733673
000,createServerChooser,35553791,L,2023-01-09 15:03:50.945261
000,createServerChooser,35553791,K,2023-01-09 15:03:50.945411
000,createServerChooser,35553791,A,2023-01-09 15:03:51.075078
000,createServerChooser,35553791,J,2023-01-09 15:03:51.075253
000,createServerChooser,35553791,D,2023-01-09 15:03:51.157347
000,createServerChooser,35553791,F,2023-01-09 15:03:51.269738
000,createServerChooser,35553791,L,2023-01-09 15:03:51.309447
000,createServerChooser,35553791,,2023-01-09 15:03:51.569683
000,createServerChooser,35553791,,2023-01-09 15:03:52.229726
000,createServerChooser,35553791,,2023-01-09 15:03:52.288791
000,createServerChooser,35553791,,2023-01-09 15:03:52.345348
000,createServerChooser,35553791,,2023-01-09 15:03:52.397664
000,createServerChooser,35553791,,2023-01-09 15:03:52.449326
000,createServerChooser,35553791,,2023-01-09 15:03:52.501288
000,createServerChooser,35553791,,2023-01-09 15:03:52.556648
000,createServerChooser,35553791,,2023-01-09 15:03:52.609698
000,createServerChooser,35553791,,2023-01-09 15:03:52.661552
000,createServerChooser,35553791,,2023-01-09 15:03:52.713506
000,createServerChooser,35553791,,2023-01-09 15:03:52.765536
000,createServerChooser,35553791,,2023-01-09 15:03:56.069717
000,createServerChooser,35553791,,2023-01-09 15:03:56.749536
000,show,21359951,,2023-01-09 15:04:11.801600
000,show,21359951,,2023-01-09 15:04:12.521705
000,visitRetStmt,13482891,,2023-01-09 15:04:20.433589
000,visitRetStmt,13482891,,2023-01-09 15:04:21.097612
000,getClassNameForLookAndFeel,19218425,,2023-01-09 15:04:35.361780
000,getClassNameForLookAndFeel,19218425,,2023-01-09 15:04:35.465629
000,genIdents,29854794,,2023-01-09 15:04:51.529589
000,genIdents,29854794,,2023-01-09 15:04:52.105533
000,encode,33519720,,2023-01-09 15:05:02.257689
000,encode,33519720,,2023-01-09 15:05:02.797877
000,evaluate,45130358,,2023-01-09 15:05:11.817873
000,evaluate,45130358,,2023-01-09 15:05:12.437676
000,createGraphModel,27802185,,2023-01-09 15:05:31.737674
000,createGraphModel,27802185,,2023-01-09 15:05:33.641585
000,addDbArgs,18251847,,2023-01-09 15:05:47.137697
000,addDbArgs,18251847,,2023-01-09 15:05:48.053539
000,getEffect,47571922,,2023-01-09 15:06:03.593722
000,getEffect,47571922,,2023-01-09 15:06:04.305565
000,documentLoadingCompleted,3934822,,2023-01-09 15:06:18.601744
000,documentLoadingCompleted,3934822,,2023-01-09 15:06:19.485533
000,clearFieldersFromField,45147874,,2023-01-09 15:06:38.993702
000,clearFieldersFromField,45147874,,2023-01-09 15:06:39.757569
000,createNewServerProcess,3457090,,2023-01-09 15:07:00.153516
000,createNewServerProcess,3457090,,2023-01-09 15:07:00.549564
000,selectBracketingEntries,40936756,,2023-01-09 15:07:13.273519
000,selectBracketingEntries,40936756,,2023-01-09 15:07:13.781508
000,testDeleteFornecedor,33793341,,2023-01-09 15:07:30.569536
000,testDeleteFornecedor,33793341,,2023-01-09 15:07:30.906032
000,invalidateSession,18354735,,2023-01-09 15:07:45.553524
000,invalidateSession,18354735,,2023-01-09 15:07:46.305543
000,getNAGString,43137003,,2023-01-09 15:07:57.581539
000,getNAGString,43137003,,2023-01-09 15:07:58.113272
000,showLatestPlan,18418213,,2023-01-09 15:08:13.585619
000,showLatestPlan,18418213,,2023-01-09 15:08:14.389554
000,testSetEvtID,33719114,,2023-01-09 15:08:27.521687
000,testSetEvtID,33719114,,2023-01-09 15:08:28.005659
000,rectangle,37563349,,2023-01-09 15:08:39.905449
000,rectangle,37563349,,2023-01-09 15:08:40.881565
000,doOutput,26501411,,2023-01-09 15:08:52.865644
000,doOutput,26501411,,2023-01-09 15:08:54.137694
000,testLogin,3456415,,2023-01-09 15:09:04.953531
000,testLogin,3456415,,2023-01-09 15:09:05.605559
000,test_10_bug2689872,19498280,,2023-01-09 15:09:17.281956
000,test_10_bug2689872,19498280,,2023-01-09 15:09:18.121483
000,saveCRCReply,43419611,,2023-01-09 15:10:27.633630
000,saveCRCReply,43419611,,2023-01-09 15:10:28.278031
000,init,34413808,,2023-01-09 15:10:39.309466
000,init,34413808,,2023-01-09 15:10:39.821438
000,getRodinDBStatus,19505695,,2023-01-09 15:10:47.617565
000,getRodinDBStatus,19505695,,2023-01-09 15:10:48.137477
000,getApplicableLaw,39298970,,2023-01-09 15:11:00.513481
000,getApplicableLaw,39298970,,2023-01-09 15:11:00.877344
000,removeRedundantOperations,22907997,,2023-01-09 15:11:23.121409
000,removeRedundantOperations,22907997,,2023-01-09 15:11:23.365510
000,setSelectedScript,18123253,,2023-01-09 15:11:40.193390
000,setSelectedScript,18123253,,2023-01-09 15:11:40.525187
000,removeSelection,40099556,,2023-01-09 15:11:52.977329
000,removeSelection,40099556,,2023-01-09 15:11:53.317434
000,print,7957602,,2023-01-09 15:12:06.569577
000,print,7957602,,2023-01-09 15:12:06.845502
000,handleHalt,19682824,,2023-01-09 15:12:15.009453
000,handleHalt,19682824,,2023-01-09 15:12:15.269599
000,getConnectionPanel,20687719,,2023-01-09 15:12:26.809679
000,getConnectionPanel,20687719,,2023-01-09 15:12:28.393414
000,moveUpTarget,37762493,,2023-01-09 15:12:42.113182
000,moveUpTarget,37762493,,2023-01-09 15:12:42.445472
000,draw,7848915,,2023-01-09 15:12:53.865569
000,draw,7848915,,2023-01-09 15:12:54.185497
000,setCombo_Value,19344536,,2023-01-09 15:13:02.613255
000,setCombo_Value,19344536,,2023-01-09 15:13:02.937429
000,resetSchedConflict,1736289,,2023-01-09 15:13:15.761253
000,resetSchedConflict,1736289,,2023-01-09 15:13:16.021550
000,swapItems,36634895,,2023-01-09 15:13:30.113525
000,swapItems,36634895,,2023-01-09 15:13:30.637439
000,exit,4453291,,2023-01-09 15:13:49.585396
000,exit,4453291,,2023-01-09 15:13:49.900995
000,setUpMrj,14467418,,2023-01-09 15:14:05.425598
000,setUpMrj,14467418,,2023-01-09 15:14:05.709381
000,testInvoke,39233866,,2023-01-09 15:14:17.237481
000,testInvoke,39233866,,2023-01-09 15:14:17.669393
000,liesBetween,39299426,,2023-01-09 15:14:27.325383
000,liesBetween,39299426,,2023-01-09 15:14:27.674012
000,readResponse,28953715,,2023-01-09 15:14:37.488592
000,readResponse,28953715,,2023-01-09 15:14:38.677468
000,getBackCommand25,40875567,,2023-01-09 15:14:51.713520
000,getBackCommand25,40875567,,2023-01-09 15:14:51.961547
000,getStatusFlagFields,22622479,,2023-01-09 15:15:07.313387
000,getStatusFlagFields,22622479,,2023-01-09 15:15:07.621529
000,BFSdist,44521080,,2023-01-09 15:15:22.729546
000,BFSdist,44521080,,2023-01-09 15:15:23.037354
000,addLimit,34426334,,2023-01-09 15:15:35.857554
000,addLimit,34426334,,2023-01-09 15:15:36.153115
000,addRotation,23014476,,2023-01-09 15:15:45.873415
000,addRotation,23014476,,2023-01-09 15:15:46.181581
000,getScopePartnerLinks,23286083,,2023-01-09 15:15:56.121552
000,getScopePartnerLinks,23286083,,2023-01-09 15:15:56.437465
000,configBalanceRanking,40778768,,2023-01-09 15:16:11.793568
000,configBalanceRanking,40778768,,2023-01-09 15:16:12.161516
000,testAddCountryWithSequenceGenerator,1046788,,2023-01-09 15:16:24.945028
000,testAddCountryWithSequenceGenerator,1046788,,2023-01-09 15:16:25.382040
000,getMessage,51122387,,2023-01-09 15:16:42.129598
000,getMessage,51122387,,2023-01-09 15:16:42.445502
000,createDataset,49121415,,2023-01-09 15:16:53.881609
000,createDataset,49121415,,2023-01-09 15:16:54.253569
000,initOptionsMenu,34426938,,2023-01-09 15:17:11.577579
000,initOptionsMenu,34426938,,2023-01-09 15:17:12.081534
000,openCursor,45888514,,2023-01-09 15:17:24.617542
000,openCursor,45888514,,2023-01-09 15:17:24.917503
000,listen,29572299,,2023-01-09 15:17:35.105526
000,listen,29572299,,2023-01-09 15:17:35.501456
000,fScore,51019251,,2023-01-09 15:17:42.989563
000,fScore,51019251,,2023-01-09 15:17:43.285626
000,getMenuAdministracion,28631042,,2023-01-09 15:17:54.093377
000,getMenuAdministracion,28631042,,2023-01-09 15:17:54.365423
000,setButtonText,48209810,,2023-01-09 15:18:08.353442
000,setButtonText,48209810,,2023-01-09 15:18:08.865510
000,jbInit,22407318,,2023-01-09 15:18:18.817522
000,jbInit,22407318,,2023-01-09 15:18:19.165582
000,openNewContainerWindow,34413723,,2023-01-09 15:18:30.625622
000,openNewContainerWindow,34413723,,2023-01-09 15:18:30.951724
000,iamNear,39215677,,2023-01-09 15:18:44.721546
000,iamNear,39215677,,2023-01-09 15:18:44.989336
000,add,4114383,,2023-01-09 15:18:54.073547
000,add,4114383,,2023-01-09 15:18:54.346434
000,genSql,29852582,,2023-01-09 15:19:03.457526
000,genSql,29852582,,2023-01-09 15:19:04.117542
000,getJSplitPane,39233258,,2023-01-09 15:19:12.841573
000,getJSplitPane,39233258,,2023-01-09 15:19:13.341628
000,testGetClassification,33719607,,2023-01-09 15:19:28.385552
000,testGetClassification,33719607,,2023-01-09 15:19:28.785546
000,removeService,38221424,,2023-01-09 15:19:38.945533
000,removeService,38221424,,2023-01-09 15:19:39.310020
000,exportXVRL,45047585,,2023-01-09 15:19:48.489129
000,exportXVRL,45047585,,2023-01-09 15:19:48.861538
000,setBinWidth,27801498,,2023-01-09 15:19:58.737521
000,setBinWidth,27801498,,2023-01-09 15:19:59.486002
000,split,29859244,,2023-01-09 15:20:09.641437
000,split,29859244,,2023-01-09 15:20:09.981382
000,addDigit,38221537,,2023-01-09 15:20:18.089015
000,addDigit,38221537,,2023-01-09 15:20:18.405389
000,saveToFile,47571713,,2023-01-09 15:20:26.737582
000,saveToFile,47571713,,2023-01-09 15:20:27.509542
000,indexToLetter,16958722,,2023-01-09 15:20:37.625422
000,indexToLetter,16958722,,2023-01-09 15:20:37.929406
000,close,34413807,,2023-01-09 15:20:50.465262
000,close,34413807,,2023-01-09 15:20:50.749486
000,populateNewList,34427273,,2023-01-09 15:20:58.985578
000,populateNewList,34427273,,2023-01-09 15:20:59.301554
000,isInvalidEmailLink,49250848,,2023-01-09 15:21:09.593666
000,isInvalidEmailLink,49250848,,2023-01-09 15:21:09.901554
000,getAll,15689897,,2023-01-09 15:21:27.857673
000,getAll,15689897,,2023-01-09 15:21:28.189443
000,getBackCommand12,40865383,,2023-01-09 15:21:36.785462
000,getBackCommand12,40865383,,2023-01-09 15:21:37.205825
000,removeView,45891169,,2023-01-09 15:21:48.577582
000,removeView,45891169,,2023-01-09 15:21:48.885527
000,setTargetMap,22407577,,2023-01-09 15:21:58.857436
000,setTargetMap,22407577,,2023-01-09 15:21:59.173511
000,setPhoto,50994916,,2023-01-09 15:22:18.633569
000,setPhoto,50994916,,2023-01-09 15:22:18.917549
000,setUrls,22625582,,2023-01-09 15:22:29.185336
000,setUrls,22625582,,2023-01-09 15:22:29.389455
000,searchRecipe,18421665,,2023-01-09 15:22:41.209534
000,searchRecipe,18421665,.,2023-01-09 15:22:41.349548
000,searchRecipe,18421665,,2023-01-09 15:22:43.309549
000,searchRecipe,18421665,,2023-01-09 15:22:44.109572
000,getUnitCombo,18420500,,2023-01-09 15:22:58.553660
000,getUnitCombo,18420500,,2023-01-09 15:22:58.925520
000,getBackCommand2,29601536,,2023-01-09 15:23:52.697701
000,getBackCommand2,29601536,,2023-01-09 15:23:53.021436
000,onAttach,1810081,,2023-01-09 15:24:05.577538
000,onAttach,1810081,,2023-01-09 15:24:05.853622
000,countQuery,19282261,,2023-01-09 15:24:15.601544
000,countQuery,19282261,,2023-01-09 15:24:15.849418
000,addToTechnicalComment,31203037,,2023-01-09 15:24:40.361566
000,addToTechnicalComment,31203037,,2023-01-09 15:24:40.617400
000,refreshTreePanel,35553511,,2023-01-09 15:24:53.585528
000,refreshTreePanel,35553511,,2023-01-09 15:24:53.949645
000,updateGain,26215341,,2023-01-09 15:25:06.125548
000,updateGain,26215341,,2023-01-09 15:25:06.477547
000,equals,10222579,,2023-01-09 15:25:18.297591
000,equals,10222579,,2023-01-09 15:25:18.582299
participant_id,function_name,function_id,key_pressed,timestamp
participant_id,function_name,function_id,key_pressed,timestamp
participant_id,function_name,function_id,key_pressed,timestamp
participant_id,function_name,function_id,key_pressed,timestamp
000,documentLoadingCompleted,3934822,,2023-01-10 12:52:37.677856
000,documentLoadingCompleted,3934822,,2023-01-10 12:52:45.173815
000,appendDeclarations,36405409,,2023-01-10 12:53:27.377890
000,appendDeclarations,36405409,,2023-01-10 12:53:27.781648
000,resolve,26494825,,2023-01-10 12:53:39.629930
000,resolve,26494825,,2023-01-10 12:53:40.169913
000,testNegativeParseCases,31696447,,2023-01-10 12:53:52.317699
000,testNegativeParseCases,31696447,,2023-01-10 12:53:53.001735
000,testGetCodigo,11950130,,2023-01-10 12:54:11.038028
000,testGetCodigo,11950130,,2023-01-10 12:54:11.261662
participant_id,function_name,function_id,key_pressed,timestamp
000,updateGain,26215341,,2023-01-10 12:55:28.901922
000,updateGain,26215341,,2023-01-10 12:55:29.237934
000,countQuery,19282261,,2023-01-10 12:55:39.589884
000,countQuery,19282261,,2023-01-10 12:55:40.273928
000,print,2896279,,2023-01-10 12:56:03.741852
000,print,2896279,,2023-01-10 12:56:04.013710
000,abstractMatrix3D,12723449,,2023-01-10 12:56:15.077950
000,abstractMatrix3D,12723449,,2023-01-10 12:56:15.401914
000,setCombo_Value,19344536,,2023-01-10 12:56:30.493890
000,setCombo_Value,19344536,,2023-01-10 12:56:30.797929
000,getFiles,4280405,,2023-01-10 12:56:44.237873
000,getFiles,4280405,,2023-01-10 12:56:44.698279
000,addToTechnicalComment,31203037,,2023-01-10 12:56:53.421776
000,addToTechnicalComment,31203037,,2023-01-10 12:56:53.937861
000,updateSchema,4627680,,2023-01-10 12:57:11.933917
000,updateSchema,4627680,,2023-01-10 12:57:12.245884
000,openNewContainerWindow,34413723,,2023-01-10 12:57:22.653841
000,openNewContainerWindow,34413723,,2023-01-10 12:57:23.134039
000,go,14477536,,2023-01-10 12:57:43.001999
000,go,14477536,,2023-01-10 12:57:43.201881
000,modifyRoleInCache,1118165,,2023-01-10 12:57:55.177846
000,modifyRoleInCache,1118165,,2023-01-10 12:57:55.497890
000,joinTableRender,18252350,,2023-01-10 12:58:10.957760
000,joinTableRender,18252350,,2023-01-10 12:58:11.361879
000,play,41287529,,2023-01-10 12:58:22.421915
000,play,41287529,,2023-01-10 12:58:22.753894
000,readFromFile,16777940,,2023-01-10 12:58:33.089864
000,readFromFile,16777940,,2023-01-10 12:58:33.561763
000,capitalizeString,1412807,,2023-01-10 12:58:44.373830
000,capitalizeString,1412807,,2023-01-10 12:58:44.766426
000,getImageWithSource,1782360,,2023-01-10 12:59:02.317852
000,getImageWithSource,1782360,,2023-01-10 12:59:02.793826
000,createDataset,49121415,,2023-01-10 12:59:17.061836
000,createDataset,49121415,,2023-01-10 12:59:17.397700
000,saveToFile,47571713,,2023-01-10 13:00:38.413926
000,saveToFile,47571713,,2023-01-10 13:00:38.901982
000,setButtonText,48209810,,2023-01-10 13:02:25.045971
000,setButtonText,48209810,,2023-01-10 13:02:25.374034
000,getScopePartnerLinks,23286083,,2023-01-10 13:02:47.726014
000,getScopePartnerLinks,23286083,,2023-01-10 13:02:48.041879
000,rectangle,37563349,,2023-01-10 13:03:25.669925
000,rectangle,37563349,,2023-01-10 13:03:25.957815
000,setBinWidth,27801498,,2023-01-10 13:03:38.734051
000,setBinWidth,27801498,,2023-01-10 13:03:39.045896
000,genSql,29852582,,2023-01-10 13:03:54.277906
000,genSql,29852582,,2023-01-10 13:03:54.638013
000,moveUpTarget,37762493,,2023-01-10 13:04:06.445921
000,moveUpTarget,37762493,,2023-01-10 13:04:06.814370
000,goToRegistration,47570692,,2023-01-10 13:04:27.002067
000,goToRegistration,47570692,,2023-01-10 13:04:27.333848
000,getMessage,51122387,,2023-01-10 13:06:37.437803
000,getMessage,51122387,,2023-01-10 13:06:37.857972
participant_id,function_name,function_id,key_pressed,timestamp
participant_id,function_name,function_id,key_pressed,timestamp
000,documentLoadingCompleted,3934822,,2023-01-10 13:44:07.098425
000,documentLoadingCompleted,3934822,,2023-01-10 13:44:07.694358
000,appendDeclarations,36405409,,2023-01-10 13:44:56.850402
000,appendDeclarations,36405409,,2023-01-10 13:44:57.194380
000,resolve,26494825,,2023-01-10 13:45:18.666469
000,resolve,26494825,,2023-01-10 13:45:19.054401
000,testNegativeParseCases,31696447,,2023-01-10 13:45:35.554587
000,testNegativeParseCases,31696447,,2023-01-10 13:45:35.826343
000,testGetCodigo,11950130,,2023-01-10 13:45:57.194643
000,testGetCodigo,11950130,,2023-01-10 13:45:57.438348
000,updateGain,26215341,,2023-01-10 13:46:31.234550
000,updateGain,26215341,C,2023-01-10 13:46:31.554485
participant_id,function_name,function_id,key_pressed,timestamp
000,updateGain,26215341,,2023-01-10 13:49:18.170294
000,updateGain,26215341,,2023-01-10 13:49:18.414483
000,countQuery,19282261,,2023-01-10 13:49:35.026571
000,countQuery,19282261,,2023-01-10 13:49:35.466513
000,print,2896279,,2023-01-10 13:50:01.994673
000,print,2896279,,2023-01-10 13:50:02.526462
000,abstractMatrix3D,12723449,,2023-01-10 13:50:20.786559
000,abstractMatrix3D,12723449,,2023-01-10 13:50:21.062540
000,setCombo_Value,19344536,,2023-01-10 13:50:37.010463
000,setCombo_Value,19344536,,2023-01-10 13:50:37.698543
000,getFiles,4280405,,2023-01-10 13:50:56.419333
000,getFiles,4280405,,2023-01-10 13:50:56.734552
participant_id,function_name,function_id,key_pressed,timestamp
000,addToTechnicalComment,31203037,,2023-01-10 13:55:19.666511
000,addToTechnicalComment,31203037,,2023-01-10 13:55:20.113624
000,updateSchema,4627680,,2023-01-10 13:55:49.582525
000,updateSchema,4627680,,2023-01-10 13:55:49.878581
000,go,14477536,,2023-01-10 13:56:21.250765
000,go,14477536,,2023-01-10 13:56:21.814484
000,modifyRoleInCache,1118165,,2023-01-10 13:56:45.978794
000,modifyRoleInCache,1118165,,2023-01-10 13:56:46.214632
000,joinTableRender,18252350,,2023-01-10 13:57:39.162737
000,joinTableRender,18252350,,2023-01-10 13:57:39.458818
000,play,41287529,,2023-01-10 13:57:56.090841
000,play,41287529,,2023-01-10 13:57:56.422666
000,readFromFile,16777940,,2023-01-10 13:58:09.914802
000,readFromFile,16777940,,2023-01-10 13:58:10.238416
000,capitalizeString,1412807,,2023-01-10 13:58:23.874849
000,capitalizeString,1412807,,2023-01-10 13:58:24.122650
000,getImageWithSource,1782360,,2023-01-10 13:58:42.618273
000,getImageWithSource,1782360,,2023-01-10 13:58:42.858728
000,createDataset,49121415,,2023-01-10 13:59:00.746824
000,createDataset,49121415,,2023-01-10 13:59:01.110591
000,saveToFile,47571713,,2023-01-10 13:59:16.658872
000,saveToFile,47571713,,2023-01-10 13:59:17.015171
000,setButtonText,48209810,,2023-01-10 13:59:50.746827
000,setButtonText,48209810,,2023-01-10 13:59:51.430607
000,getScopePartnerLinks,23286083,,2023-01-10 14:00:26.294845
000,getScopePartnerLinks,23286083,,2023-01-10 14:00:26.762834
000,rectangle,37563349,,2023-01-10 14:00:48.458886
000,rectangle,37563349,,2023-01-10 14:00:49.062711
000,setBinWidth,27801498,,2023-01-10 14:01:03.546984
000,setBinWidth,27801498,,2023-01-10 14:01:03.887036
000,genSql,29852582,,2023-01-10 14:01:23.258820
000,genSql,29852582,,2023-01-10 14:01:23.502734
000,moveUpTarget,37762493,,2023-01-10 14:01:47.810947
000,moveUpTarget,37762493,,2023-01-10 14:01:48.266775
000,goToRegistration,47570692,,2023-01-10 14:02:01.899010
000,goToRegistration,47570692,,2023-01-10 14:02:02.178865
000,getMessage,51122387,,2023-01-10 14:02:25.066813
000,getMessage,51122387,,2023-01-10 14:02:25.458816
000,readResponse,28953715,,2023-01-10 14:02:46.531070
000,readResponse,28953715,,2023-01-10 14:02:46.779287
000,configBalanceRanking,40778768,,2023-01-10 14:03:03.307005
000,configBalanceRanking,40778768,,2023-01-10 14:03:03.670856
participant_id,function_name,function_id,key_pressed,timestamp
000,openNewContainerWindow,34413723,,2023-01-10 14:05:31.386872
000,openNewContainerWindow,34413723,,2023-01-10 14:05:31.686890
000,configBalanceRanking,40778768,,2023-01-10 14:07:14.578899
000,configBalanceRanking,40778768,,2023-01-10 14:07:15.054884
000,createServerChooser,35553791,,2023-01-10 14:07:33.483180
000,createServerChooser,35553791,,2023-01-10 14:07:33.790989
000,getStatusFlagFields,22622479,,2023-01-10 14:07:53.859196
000,getStatusFlagFields,22622479,,2023-01-10 14:07:54.178959
participant_id,function_name,function_id,key_pressed,timestamp
000,testOneTwoThreeCreateCycle,19507735,,2023-01-10 14:10:31.267029
000,testOneTwoThreeCreateCycle,19507735,,2023-01-10 14:10:31.543057
000,compareTo,17121898,,2023-01-10 14:10:53.251173
000,compareTo,17121898,,2023-01-10 14:10:53.594961
000,getEffect,47571922,,2023-01-10 14:11:08.523167
000,getEffect,47571922,,2023-01-10 14:11:08.866962
000,deleteCascade,34604973,,2023-01-10 14:11:26.067129
000,deleteCascade,34604973,,2023-01-10 14:11:27.882800
participant_id,function_name,function_id,key_pressed,timestamp
000,deleteCascade,34604973,,2023-01-10 14:13:41.544981
000,deleteCascade,34604973,,2023-01-10 14:13:41.986547
000,saveSetting,46026508,,2023-01-10 14:14:00.762717
000,saveSetting,46026508,,2023-01-10 14:14:01.150712
000,getConnectionPanel,20687719,,2023-01-10 14:14:15.894667
000,getConnectionPanel,20687719,,2023-01-10 14:14:16.246583
000,fScore,51019251,,2023-01-10 14:14:30.354808
000,fScore,51019251,,2023-01-10 14:14:30.894578
000,process,40776207,,2023-01-10 14:14:44.426775
000,process,40776207,,2023-01-10 14:14:44.994430
000,handleHalt,19682824,,2023-01-10 14:15:18.438487
000,handleHalt,19682824,,2023-01-10 14:15:18.794416
000,actionLoadNotes,34425716,,2023-01-10 14:15:31.814555
000,actionLoadNotes,34425716,,2023-01-10 14:15:32.178986
000,getRodinDBStatus,19505695,,2023-01-10 14:15:51.450585
000,getRodinDBStatus,19505695,,2023-01-10 14:15:52.378361
000,getApplicableLaw,39298970,,2023-01-10 14:16:15.278455
000,getApplicableLaw,39298970,,2023-01-10 14:16:15.818365
000,getBackCommand2,29601536,,2023-01-10 14:16:36.374413
000,getBackCommand2,29601536,,2023-01-10 14:16:44.254515
000,getBackCommand2,29601536,,2023-01-10 14:16:44.506331
000,getFastestGenerator,34609355,,2023-01-10 14:17:05.086563
000,getFastestGenerator,34609355,,2023-01-10 14:17:05.514106
000,onAttach,1810081,,2023-01-10 14:17:19.946301
000,onAttach,1810081,,2023-01-10 14:17:20.534180
000,makeCenter,34426756,,2023-01-10 14:17:42.518532
000,makeCenter,34426756,,2023-01-10 14:17:42.799433
000,getGlobalElements,22618655,,2023-01-10 14:17:59.566355
000,getGlobalElements,22618655,,2023-01-10 14:18:00.359551
000,populateNewList,34427273,,2023-01-10 14:18:13.926413
000,populateNewList,34427273,,2023-01-10 14:18:14.262370
000,getOkCommand18,40879350,,2023-01-10 14:18:31.070359
000,getOkCommand18,40879350,,2023-01-10 14:18:31.366749
000,setNamedItem,1810886,,2023-01-10 14:18:49.678308
000,setNamedItem,1810886,,2023-01-10 14:18:49.999364
000,actionPerformed,12725774,,2023-01-10 14:19:09.654250
000,actionPerformed,12725774,,2023-01-10 14:19:10.006290
000,resetSchedConflict,1736289,,2023-01-10 14:19:27.150465
000,resetSchedConflict,1736289,,2023-01-10 14:19:27.582246
000,liesBetween,39299426,,2023-01-10 14:20:02.890406
000,liesBetween,39299426,,2023-01-10 14:20:03.295660
000,testInvoke,39233866,,2023-01-10 14:20:16.534356
000,testInvoke,39233866,,2023-01-10 14:20:16.874278
000,openCursor,45888514,,2023-01-10 14:20:33.342255
000,openCursor,45888514,,2023-01-10 14:20:33.766223
000,showLatestPlan,18418213,,2023-01-10 14:20:49.838455
000,showLatestPlan,18418213,,2023-01-10 14:20:50.226272
000,testSetEvtID,33719114,,2023-01-10 14:21:04.310367
000,testSetEvtID,33719114,,2023-01-10 14:21:04.610151
000,getAllSourceRoots,47479282,,2023-01-10 14:21:23.921658
000,getAllSourceRoots,47479282,,2023-01-10 14:21:24.402735
000,getBackCommand2,40865212,,2023-01-10 14:21:40.918275
000,getBackCommand2,40865212,,2023-01-10 14:21:41.602312
000,testGetEvtIDs,33719118,,2023-01-10 14:22:38.334229
000,testGetEvtIDs,33719118,,2023-01-10 14:22:38.690322
000,print,7957602,,2023-01-10 14:22:55.166339
000,print,7957602,,2023-01-10 14:22:55.562313
000,getRelFeedItems,45929468,,2023-01-10 14:23:16.502240
000,getRelFeedItems,45929468,,2023-01-10 14:23:16.722020
000,addRelativeHeaders,48861766,,2023-01-10 14:23:33.966245
000,addRelativeHeaders,48861766,,2023-01-10 14:23:34.354201
000,evaluate,45130358,,2023-01-10 14:23:51.926294
000,evaluate,45130358,,2023-01-10 14:23:52.250189
000,tellAgain,18912425,,2023-01-10 14:24:09.158355
000,tellAgain,18912425,,2023-01-10 14:24:09.558184
000,createChecklistItem,49866815,,2023-01-10 14:24:23.574332
000,createChecklistItem,49866815,,2023-01-10 14:24:23.962127
000,genIdents,29854794,,2023-01-10 14:25:12.478246
000,genIdents,29854794,,2023-01-10 14:25:12.810672
000,jbInit,22407318,,2023-01-10 14:25:41.894184
000,jbInit,22407318,,2023-01-10 14:25:42.286233
000,markStart,11759898,,2023-01-10 14:25:57.650442
000,markStart,11759898,,2023-01-10 14:25:57.914209
000,removeService,38221424,,2023-01-10 14:26:11.110244
000,removeService,38221424,,2023-01-10 14:26:11.762226
000,testLogin,3456415,,2023-01-10 14:26:26.670318
000,testLogin,3456415,,2023-01-10 14:26:27.030151
000,wndPreferences,38184555,,2023-01-10 14:26:37.902292
000,wndPreferences,38184555,,2023-01-10 14:26:38.233881
000,setTopAttributes,22628734,,2023-01-10 14:26:55.902316
000,setTopAttributes,22628734,,2023-01-10 14:26:56.186057
000,iamNear,39215677,,2023-01-10 14:27:18.802170
000,iamNear,39215677,,2023-01-10 14:27:19.847517
000,test_10_bug2689872,19498280,,2023-01-10 14:27:35.670364
000,test_10_bug2689872,19498280,,2023-01-10 14:27:35.974150
000,test_10_bug2689872,19498280,,2023-01-10 14:27:44.902226
000,test_10_bug2689872,19498280,C,2023-01-10 14:27:45.289745
000,addErrors,43040209,,2023-01-10 14:27:59.758214
000,addErrors,43040209,,2023-01-10 14:28:00.270052
000,getMenuAdministracion,28631042,,2023-01-10 14:28:41.390326
000,getMenuAdministracion,28631042,,2023-01-10 14:28:41.686134
000,asMap,22624602,,2023-01-10 14:29:00.198246
000,asMap,22624602,,2023-01-10 14:29:00.505986
000,leaveAll,35061399,,2023-01-10 14:29:15.126243
000,leaveAll,35061399,,2023-01-10 14:29:15.434133
000,update,46106919,,2023-01-10 14:29:29.254224
000,update,46106919,,2023-01-10 14:29:29.520482
000,getClassNameForLookAndFeel,19218425,,2023-01-10 14:29:44.886269
000,getClassNameForLookAndFeel,19218425,,2023-01-10 14:29:45.310158
000,close,34413807,,2023-01-10 14:30:10.262317
000,close,34413807,,2023-01-10 14:30:10.922201
000,messageSent,19413001,,2023-01-10 14:30:22.606317
000,messageSent,19413001,,2023-01-10 14:30:22.946187
000,createGraphModel,27802185,,2023-01-10 14:30:38.446295
000,createGraphModel,27802185,,2023-01-10 14:30:39.334132
000,clearFieldersFromField,45147874,,2023-01-10 14:30:54.198304
000,clearFieldersFromField,45147874,,2023-01-10 14:30:54.650053
000,makeUniqueParagraphForGlobalWithLength,34105249,,2023-01-10 14:31:11.358286
000,makeUniqueParagraphForGlobalWithLength,34105249,,2023-01-10 14:31:11.890094
000,makeUniqueParagraphForGlobalWithLength,34105249,,2023-01-10 14:31:16.478273
000,makeUniqueParagraphForGlobalWithLength,34105249,C,2023-01-10 14:31:16.794248
000,addDigit,38221537,,2023-01-10 14:31:28.174285
000,addDigit,38221537,,2023-01-10 14:31:28.674179
000,split,29859244,,2023-01-10 14:31:46.814290
000,split,29859244,,2023-01-10 14:31:47.230256
000,removeRedundantOperations,22907997,,2023-01-10 14:32:01.550361
000,removeRedundantOperations,22907997,,2023-01-10 14:32:01.970103
000,loadSystems,19344442,,2023-01-10 14:32:23.382246
000,loadSystems,19344442,,2023-01-10 14:32:24.234251
000,removeView,45891169,,2023-01-10 14:32:50.726200
000,removeView,45891169,,2023-01-10 14:32:52.266353
000,removeView,45891169,,2023-01-10 14:32:52.625824
000,store,20787007,,2023-01-10 14:33:07.030290
000,store,20787007,,2023-01-10 14:33:07.458138
000,draw,7848915,,2023-01-10 14:33:24.070887
000,draw,7848915,,2023-01-10 14:33:24.442149
000,createCacheFile,50995324,,2023-01-10 14:33:34.946073
000,createCacheFile,50995324,,2023-01-10 14:33:35.378007
000,getUnitCombo,18420500,,2023-01-10 14:33:48.470137
000,getUnitCombo,18420500,,2023-01-10 14:33:48.890220
000,refreshTreePanel,35553511,,2023-01-10 14:34:02.414365
000,refreshTreePanel,35553511,,2023-01-10 14:34:03.038241
000,testMoveRFWithNullContainer,19507414,,2023-01-10 14:34:17.038173
000,testMoveRFWithNullContainer,19507414,,2023-01-10 14:34:17.610168
000,indexToLetter,16958722,,2023-01-10 14:34:34.109402
000,indexToLetter,16958722,,2023-01-10 14:34:34.590004
000,show,21359951,,2023-01-10 14:34:50.750335
000,show,21359951,,2023-01-10 14:34:51.074227
000,getBackCommand12,40865383,,2023-01-10 14:35:02.758270
000,getBackCommand12,40865383,,2023-01-10 14:35:03.142212
000,getBackCommand25,40875567,,2023-01-10 14:35:19.102144
000,getBackCommand25,40875567,,2023-01-10 14:35:19.346113
000,isInvalidEmailLink,49250848,,2023-01-10 14:35:37.414270
000,isInvalidEmailLink,49250848,,2023-01-10 14:35:37.630797
000,setSelectedScript,18123253,,2023-01-10 14:35:55.382211
000,setSelectedScript,18123253,,2023-01-10 14:35:55.758027
000,getCollaborateCollection,250694,,2023-01-10 14:37:10.014409
000,getCollaborateCollection,250694,,2023-01-10 14:37:10.346216
000,setUrls,22625582,,2023-01-10 14:37:31.502324
000,setUrls,22625582,,2023-01-10 14:37:31.744600
000,getUserNameFromCookie,1694531,,2023-01-10 14:37:47.494320
000,getUserNameFromCookie,1694531,,2023-01-10 14:37:47.838214
000,exit,4453291,,2023-01-10 14:38:06.094404
000,exit,4453291,,2023-01-10 14:38:06.402110
000,fetchString,24245709,,2023-01-10 14:38:22.830387
000,fetchString,24245709,,2023-01-10 14:38:23.138323
000,getInstitutions,19280843,,2023-01-10 14:38:38.558390
000,getInstitutions,19280843,,2023-01-10 14:38:38.794114
000,searchRecipe,18421665,,2023-01-10 14:38:55.358387
000,searchRecipe,18421665,,2023-01-10 14:38:55.574031
000,testSetExample,50891793,,2023-01-10 14:39:10.350252
000,testSetExample,50891793,,2023-01-10 14:39:10.714729
000,addPKColumn,51577053,,2023-01-10 14:39:24.838249
000,addPKColumn,51577053,,2023-01-10 14:39:25.126200
000,resolveValue,26493872,,2023-01-10 14:39:40.717453
000,resolveValue,26493872,,2023-01-10 14:39:41.058218
000,testGetClassification,33719607,,2023-01-10 14:39:54.022214
000,testGetClassification,33719607,,2023-01-10 14:39:54.330102
000,addUIDeployment,31788771,,2023-01-10 14:40:11.950650
000,addUIDeployment,31788771,,2023-01-10 14:40:12.306212
000,testSetChkEvtID,33719117,,2023-01-10 14:40:29.518313
000,testSetChkEvtID,33719117,,2023-01-10 14:40:29.710183
000,encode,33519720,,2023-01-10 14:40:45.214340
000,encode,33519720,,2023-01-10 14:40:45.746219
000,equals,10222579,,2023-01-10 14:40:57.510314
000,equals,10222579,,2023-01-10 14:40:57.754268
000,atomToExpression,27907979,,2023-01-10 14:41:15.350332
000,atomToExpression,27907979,,2023-01-10 14:41:16.322254
000,addLimit,34426334,,2023-01-10 14:41:36.646279
000,addLimit,34426334,,2023-01-10 14:41:36.946229
000,load,20950900,,2023-01-10 14:41:53.502374
000,load,20950900,,2023-01-10 14:41:53.842195
000,toString,39120328,,2023-01-10 14:42:10.222215
000,toString,39120328,,2023-01-10 14:42:10.610166
000,initOptionsMenu,34426938,,2023-01-10 14:42:27.156764
000,initOptionsMenu,34426938,,2023-01-10 14:42:27.526194
000,checkDescendantM,18929060,,2023-01-10 14:42:45.694451
000,checkDescendantM,18929060,,2023-01-10 14:42:46.002178
000,testOccThm,19498298,,2023-01-10 14:43:09.390356
000,testOccThm,19498298,,2023-01-10 14:43:09.666239
000,testGetEmail,33718481,,2023-01-10 14:43:25.822429
000,testGetEmail,33718481,,2023-01-10 14:43:26.702058
000,createNewServerProcess,3457090,,2023-01-10 14:43:42.818304
000,createNewServerProcess,3457090,,2023-01-10 14:43:43.202147
000,clone,48104729,,2023-01-10 14:44:50.054347
000,clone,48104729,,2023-01-10 14:44:50.346247
000,setPhoto,50994916,,2023-01-10 14:45:06.710364
000,setPhoto,50994916,,2023-01-10 14:45:07.002185
000,add,4114383,,2023-01-10 14:46:20.918329
000,add,4114383,,2023-01-10 14:46:21.190127
000,pluginRegistryContains,27798254,,2023-01-10 14:46:36.078251
000,pluginRegistryContains,27798254,,2023-01-10 14:46:36.370127
000,doOutput,26501411,,2023-01-10 14:46:52.510171
000,doOutput,26501411,,2023-01-10 14:46:52.870127
000,getAll,15689897,,2023-01-10 14:47:05.398074
000,getAll,15689897,,2023-01-10 14:47:05.706146
000,getJSplitPane,39233258,,2023-01-10 14:47:19.966223
000,getJSplitPane,39233258,,2023-01-10 14:47:20.314179
000,removeSelection,40099556,,2023-01-10 14:47:34.198253
000,removeSelection,40099556,,2023-01-10 14:47:34.478260
000,connectionErrorOccurred,26412118,,2023-01-10 14:47:47.614348
000,connectionErrorOccurred,26412118,,2023-01-10 14:47:47.838127
000,addRotation,23014476,,2023-01-10 14:48:04.022352
000,addRotation,23014476,,2023-01-10 14:48:04.266137
000,getRemoteObject,50026101,,2023-01-10 14:48:26.350273
000,getRemoteObject,50026101,,2023-01-10 14:48:26.706090
000,toString,22626628,,2023-01-10 14:49:08.118247
000,toString,22626628,,2023-01-10 14:49:08.334035
000,testCookieGreaterThan,39840471,,2023-01-10 14:49:26.622196
000,testCookieGreaterThan,39840471,,2023-01-10 14:49:26.837985
000,setUpMrj,14467418,,2023-01-10 14:49:48.270269
000,setUpMrj,14467418,,2023-01-10 14:49:48.562191
000,saveCRCReply,43419611,,2023-01-10 14:50:05.478079
000,saveCRCReply,43419611,,2023-01-10 14:50:05.897913
000,setGenJarDir,31789275,,2023-01-10 14:50:21.310124
000,setGenJarDir,31789275,,2023-01-10 14:50:21.650544
000,iconify,43303607,,2023-01-10 14:50:59.886089
000,iconify,43303607,,2023-01-10 14:51:00.166078
000,getNAGString,43137003,,2023-01-10 14:51:52.142075
000,getNAGString,43137003,,2023-01-10 14:51:52.354052
000,setSecurityMode,38737384,,2023-01-10 14:52:09.926106
000,setSecurityMode,38737384,,2023-01-10 14:52:10.173950
000,init,43040436,,2023-01-10 14:52:25.886086
000,init,43040436,,2023-01-10 14:52:26.161853
000,checkSetLayout,19346491,,2023-01-10 14:52:47.325977
000,checkSetLayout,19346491,,2023-01-10 14:52:47.601997
000,selectBracketingEntries,40936756,,2023-01-10 14:53:06.357975
000,selectBracketingEntries,40936756,,2023-01-10 14:53:06.718007
000,BFSdist,44521080,,2023-01-10 14:53:26.813915
000,BFSdist,44521080,,2023-01-10 14:53:27.153953
000,swapItems,36634895,,2023-01-10 14:53:39.509435
000,swapItems,36634895,,2023-01-10 14:53:39.790057
000,testAddCountryWithSequenceGenerator,1046788,,2023-01-10 14:53:52.958044
000,testAddCountryWithSequenceGenerator,1046788,,2023-01-10 14:53:53.205873
000,testSetWelcomeMsg,33719869,,2023-01-10 14:54:13.622141
000,testSetWelcomeMsg,33719869,,2023-01-10 14:54:13.958148
000,addDbArgs,18251847,,2023-01-10 14:54:30.510074
000,addDbArgs,18251847,,2023-01-10 14:54:30.833933
000,testValidateSeparationCount,26285656,,2023-01-10 14:54:43.990003
000,testValidateSeparationCount,26285656,,2023-01-10 14:54:44.413642
000,getTargetServiceName,29318894,,2023-01-10 14:55:01.341974
000,getTargetServiceName,29318894,,2023-01-10 14:55:01.585955
000,setTargetMap,22407577,,2023-01-10 14:55:16.966012
000,setTargetMap,22407577,,2023-01-10 14:55:17.381918
000,exportXVRL,45047585,,2023-01-10 14:55:35.022041
000,exportXVRL,45047585,,2023-01-10 14:55:35.377913
000,visitRetStmt,13482891,,2023-01-10 14:55:49.662068
000,visitRetStmt,13482891,,2023-01-10 14:55:49.937958
000,invalidateSession,18354735,,2023-01-10 14:56:06.637969
000,invalidateSession,18354735,,2023-01-10 14:56:06.913923
participant_id,function_name,function_id,key_pressed,timestamp
participant_id,function_name,function_id,key_pressed,timestamp
participant_id,function_name,function_id,key_pressed,timestamp
000,init,34413808,,2023-01-10 15:08:09.261955
000,init,34413808,,2023-01-10 15:08:09.573682
000,setGenJarDir,31789275,,2023-01-10 15:08:38.365858
000,setGenJarDir,31789275,,2023-01-10 15:08:38.714308
participant_id,function_name,function_id,key_pressed,timestamp
000,clone,48104729,,2023-01-10 15:11:24.741563
000,clone,48104729,,2023-01-10 15:11:25.098912
participant_id,function_name,function_id,key_pressed,timestamp
participant_id,function_name,function_id,key_pressed,timestamp
participant_id,function_name,function_id,key_pressed,timestamp
000,swapItems,36634895,S,2023-01-25 11:01:14.602920
000,swapItems,36634895,W,2023-01-25 11:01:14.738589
000,swapItems,36634895,A,2023-01-25 11:01:15.098643
000,swapItems,36634895,P,2023-01-25 11:01:15.098855
000,swapItems,36634895,,2023-01-25 11:01:15.264663
000,swapItems,36634895,I,2023-01-25 11:01:15.365451
000,swapItems,36634895,T,2023-01-25 11:01:15.634221
000,swapItems,36634895,E,2023-01-25 11:01:15.741213
000,swapItems,36634895,M,2023-01-25 11:01:15.781682
000,swapItems,36634895,S,2023-01-25 11:01:15.960062
000,go,14477536,G,2023-01-25 11:01:19.315093
000,go,14477536,O,2023-01-25 11:01:19.329009
000,updateGain,26215341,U,2023-01-25 11:01:24.665132
000,updateGain,26215341,P,2023-01-25 11:01:24.759892
000,updateGain,26215341,D,2023-01-25 11:01:25.049781
000,updateGain,26215341,A,2023-01-25 11:01:25.062967
000,updateGain,26215341,T,2023-01-25 11:01:25.078456
000,updateGain,26215341,E,2023-01-25 11:01:25.144221
000,updateGain,26215341,,2023-01-25 11:01:25.775481
000,updateGain,26215341,G,2023-01-25 11:01:25.983005
000,updateGain,26215341,A,2023-01-25 11:01:26.220306
000,updateGain,26215341,I,2023-01-25 11:01:26.362193
000,updateGain,26215341,N,2023-01-25 11:01:26.423518
000,abstractMatrix3D,12723449,,2023-01-25 11:01:30.045383
000,abstractMatrix3D,12723449,A,2023-01-25 11:01:30.057731
000,abstractMatrix3D,12723449,B,2023-01-25 11:01:30.547959
000,abstractMatrix3D,12723449,S,2023-01-25 11:01:30.567645
000,abstractMatrix3D,12723449,T,2023-01-25 11:01:30.937074
000,abstractMatrix3D,12723449,R,2023-01-25 11:01:30.937228
000,abstractMatrix3D,12723449,A,2023-01-25 11:01:31.031652
000,abstractMatrix3D,12723449,C,2023-01-25 11:01:31.354749
000,abstractMatrix3D,12723449,T,2023-01-25 11:01:31.502184
000,abstractMatrix3D,12723449,,2023-01-25 11:01:31.696904
000,abstractMatrix3D,12723449,M,2023-01-25 11:01:31.923270
000,abstractMatrix3D,12723449,A,2023-01-25 11:01:31.962923
000,abstractMatrix3D,12723449,T,2023-01-25 11:01:32.377654
000,abstractMatrix3D,12723449,R,2023-01-25 11:01:32.415675
000,abstractMatrix3D,12723449,I,2023-01-25 11:01:32.507148
000,abstractMatrix3D,12723449,X,2023-01-25 11:01:32.707199
000,abstractMatrix3D,12723449,3,2023-01-25 11:01:33.643782
000,abstractMatrix3D,12723449,D,2023-01-25 11:01:33.977699
000,abstractMatrix3D,12723449,,2023-01-25 11:01:34.479719
000,abstractMatrix3D,12723449,,2023-01-25 11:01:34.482762
000,abstractMatrix3D,12723449,D,2023-01-25 11:01:34.500772
000,initOptionsMenu,34426938,I,2023-01-25 11:01:53.238529
000,initOptionsMenu,34426938,I,2023-01-25 11:01:53.550961
000,initOptionsMenu,34426938,N,2023-01-25 11:01:53.622899
000,initOptionsMenu,34426938,,2023-01-25 11:01:54.002188
000,initOptionsMenu,34426938,,2023-01-25 11:01:54.129629
000,initOptionsMenu,34426938,N,2023-01-25 11:01:54.443577
000,initOptionsMenu,34426938,I,2023-01-25 11:01:54.446327
000,initOptionsMenu,34426938,T,2023-01-25 11:01:54.547696
000,initOptionsMenu,34426938,,2023-01-25 11:01:54.983122
000,initOptionsMenu,34426938,O,2023-01-25 11:01:55.039456
000,initOptionsMenu,34426938,P,2023-01-25 11:01:55.143402
000,initOptionsMenu,34426938,T,2023-01-25 11:01:55.294581
000,initOptionsMenu,34426938,I,2023-01-25 11:01:55.395367
000,initOptionsMenu,34426938,O,2023-01-25 11:01:55.430440
000,initOptionsMenu,34426938,N,2023-01-25 11:01:55.487219
000,initOptionsMenu,34426938,S,2023-01-25 11:01:55.645915
000,initOptionsMenu,34426938,,2023-01-25 11:01:55.880752
000,initOptionsMenu,34426938,M,2023-01-25 11:01:55.928797
000,initOptionsMenu,34426938,E,2023-01-25 11:01:56.062018
000,initOptionsMenu,34426938,N,2023-01-25 11:01:56.153865
000,initOptionsMenu,34426938,U,2023-01-25 11:01:56.398220
000,atomToExpression,27907979,A,2023-01-25 11:01:59.143965
000,atomToExpression,27907979,T,2023-01-25 11:01:59.393102
000,atomToExpression,27907979,O,2023-01-25 11:01:59.456812
000,atomToExpression,27907979,M,2023-01-25 11:01:59.491991
000,atomToExpression,27907979,,2023-01-25 11:01:59.767564
000,atomToExpression,27907979,T,2023-01-25 11:01:59.942738
000,atomToExpression,27907979,O,2023-01-25 11:02:00.188074
000,atomToExpression,27907979,,2023-01-25 11:02:00.377773
000,atomToExpression,27907979,E,2023-01-25 11:02:00.408079
000,atomToExpression,27907979,X,2023-01-25 11:02:00.715577
000,atomToExpression,27907979,P,2023-01-25 11:02:00.813924
000,atomToExpression,27907979,R,2023-01-25 11:02:00.885863
000,atomToExpression,27907979,E,2023-01-25 11:02:00.977683
000,atomToExpression,27907979,S,2023-01-25 11:02:01.240158
000,atomToExpression,27907979,S,2023-01-25 11:02:01.287641
000,atomToExpression,27907979,I,2023-01-25 11:02:01.428133
000,atomToExpression,27907979,O,2023-01-25 11:02:01.496120
000,atomToExpression,27907979,N,2023-01-25 11:02:01.784534
000,getFiles,4280405,G,2023-01-25 11:02:04.101126
000,getFiles,4280405,E,2023-01-25 11:02:04.200424
000,getFiles,4280405,T,2023-01-25 11:02:04.384251
000,getFiles,4280405,,2023-01-25 11:02:04.516179
000,getFiles,4280405,F,2023-01-25 11:02:04.893758
000,getFiles,4280405,I,2023-01-25 11:02:04.936302
000,getFiles,4280405,L,2023-01-25 11:02:04.951925
000,getFiles,4280405,E,2023-01-25 11:02:05.029518
000,getFiles,4280405,S,2023-01-25 11:02:05.200334
000,init,34413808,I,2023-01-25 11:02:07.577285
000,init,34413808,N,2023-01-25 11:02:07.603232
000,init,34413808,I,2023-01-25 11:02:07.763160
000,init,34413808,T,2023-01-25 11:02:08.083632
000,setPhoto,50994916,S,2023-01-25 11:02:13.519123
000,setPhoto,50994916,E,2023-01-25 11:02:13.850075
000,setPhoto,50994916,T,2023-01-25 11:02:13.852963
000,setPhoto,50994916,,2023-01-25 11:02:13.986079
000,setPhoto,50994916,P,2023-01-25 11:02:14.082848
000,setPhoto,50994916,H,2023-01-25 11:02:14.223281
000,setPhoto,50994916,O,2023-01-25 11:02:14.354769
000,setPhoto,50994916,T,2023-01-25 11:02:14.395754
000,setPhoto,50994916,O,2023-01-25 11:02:14.501222
000,testGetCodigo,11950130,T,2023-01-25 11:02:18.044002
000,testGetCodigo,11950130,E,2023-01-25 11:02:18.088564
000,testGetCodigo,11950130,S,2023-01-25 11:02:18.189634
000,testGetCodigo,11950130,T,2023-01-25 11:02:18.289126
000,testGetCodigo,11950130,,2023-01-25 11:02:18.639909
000,testGetCodigo,11950130,G,2023-01-25 11:02:18.708466
000,testGetCodigo,11950130,E,2023-01-25 11:02:19.277245
000,testGetCodigo,11950130,,2023-01-25 11:02:19.296766
000,testGetCodigo,11950130,T,2023-01-25 11:02:19.296941
000,testGetCodigo,11950130,C,2023-01-25 11:02:19.787951
000,testGetCodigo,11950130,O,2023-01-25 11:02:19.790983
000,testGetCodigo,11950130,D,2023-01-25 11:02:20.111651
000,testGetCodigo,11950130,I,2023-01-25 11:02:20.114456
000,testGetCodigo,11950130,G,2023-01-25 11:02:20.645249
000,testGetCodigo,11950130,O,2023-01-25 11:02:20.647782
000,testNegativeParseCases,31696447,T,2023-01-25 11:02:23.000640
000,testNegativeParseCases,31696447,E,2023-01-25 11:02:23.258357
000,testNegativeParseCases,31696447,S,2023-01-25 11:02:23.260506
000,testNegativeParseCases,31696447,T,2023-01-25 11:02:23.305563
000,testNegativeParseCases,31696447,,2023-01-25 11:02:23.795571
000,testNegativeParseCases,31696447,N,2023-01-25 11:02:24.307349
000,testNegativeParseCases,31696447,E,2023-01-25 11:02:24.439301
000,testNegativeParseCases,31696447,G,2023-01-25 11:02:24.700171
000,testNegativeParseCases,31696447,A,2023-01-25 11:02:24.837415
000,testNegativeParseCases,31696447,T,2023-01-25 11:02:24.854528
000,testNegativeParseCases,31696447,I,2023-01-25 11:02:25.023526
000,testNegativeParseCases,31696447,V,2023-01-25 11:02:25.156639
000,testNegativeParseCases,31696447,E,2023-01-25 11:02:25.385861
000,testNegativeParseCases,31696447,,2023-01-25 11:02:25.543922
000,testNegativeParseCases,31696447,A,2023-01-25 11:02:25.752135
000,testNegativeParseCases,31696447,,2023-01-25 11:02:26.448946
000,testNegativeParseCases,31696447,,2023-01-25 11:02:26.621427
000,testNegativeParseCases,31696447,P,2023-01-25 11:02:26.798377
000,testNegativeParseCases,31696447,A,2023-01-25 11:02:26.978288
000,testNegativeParseCases,31696447,R,2023-01-25 11:02:27.005283
000,testNegativeParseCases,31696447,S,2023-01-25 11:02:27.205039
000,testNegativeParseCases,31696447,E,2023-01-25 11:02:27.457345
000,testNegativeParseCases,31696447,,2023-01-25 11:02:27.826239
000,testNegativeParseCases,31696447,C,2023-01-25 11:02:27.962304
000,testNegativeParseCases,31696447,A,2023-01-25 11:02:28.159035
000,testNegativeParseCases,31696447,S,2023-01-25 11:02:28.218698
000,testNegativeParseCases,31696447,E,2023-01-25 11:02:28.249289
000,testNegativeParseCases,31696447,S,2023-01-25 11:02:28.702329
000,encode,33519720,E,2023-01-25 11:02:30.727555
000,encode,33519720,N,2023-01-25 11:02:30.809205
000,encode,33519720,C,2023-01-25 11:02:31.118643
000,encode,33519720,O,2023-01-25 11:02:31.157543
000,encode,33519720,D,2023-01-25 11:02:31.225989
000,encode,33519720,E,2023-01-25 11:02:31.435691
000,getCollaborateCollection,250694,G,2023-01-25 11:02:33.743488
000,getCollaborateCollection,250694,E,2023-01-25 11:02:33.889473
000,getCollaborateCollection,250694,T,2023-01-25 11:02:33.963590
000,getCollaborateCollection,250694,,2023-01-25 11:02:34.340654
000,getCollaborateCollection,250694,C,2023-01-25 11:02:34.575103
000,getCollaborateCollection,250694,O,2023-01-25 11:02:34.792522
000,getCollaborateCollection,250694,L,2023-01-25 11:02:34.905530
000,getCollaborateCollection,250694,L,2023-01-25 11:02:35.166360
000,getCollaborateCollection,250694,A,2023-01-25 11:02:35.186725
000,getCollaborateCollection,250694,B,2023-01-25 11:02:35.320565
000,getCollaborateCollection,250694,O,2023-01-25 11:02:35.492498
000,getCollaborateCollection,250694,R,2023-01-25 11:02:35.536685
000,getCollaborateCollection,250694,A,2023-01-25 11:02:35.865161
000,getCollaborateCollection,250694,T,2023-01-25 11:02:35.867793
000,getCollaborateCollection,250694,E,2023-01-25 11:02:35.884017
000,getCollaborateCollection,250694,,2023-01-25 11:02:36.244540
000,getCollaborateCollection,250694,C,2023-01-25 11:02:36.366332
000,getCollaborateCollection,250694,O,2023-01-25 11:02:36.424018
000,getCollaborateCollection,250694,L,2023-01-25 11:02:36.623735
000,getCollaborateCollection,250694,L,2023-01-25 11:02:36.897823
000,getCollaborateCollection,250694,E,2023-01-25 11:02:36.900435
000,getCollaborateCollection,250694,C,2023-01-25 11:02:37.073762
000,getCollaborateCollection,250694,T,2023-01-25 11:02:37.616860
000,getCollaborateCollection,250694,I,2023-01-25 11:02:37.619638
000,getCollaborateCollection,250694,O,2023-01-25 11:02:37.621280
000,getCollaborateCollection,250694,N,2023-01-25 11:02:37.623715
000,updateSchema,4627680,U,2023-01-25 11:02:40.563996
000,updateSchema,4627680,P,2023-01-25 11:02:40.577497
000,updateSchema,4627680,D,2023-01-25 11:02:40.647534
000,updateSchema,4627680,A,2023-01-25 11:02:40.820077
000,updateSchema,4627680,T,2023-01-25 11:02:41.068146
000,updateSchema,4627680,E,2023-01-25 11:02:41.078857
000,updateSchema,4627680,,2023-01-25 11:02:41.328245
000,updateSchema,4627680,S,2023-01-25 11:02:41.479146
000,updateSchema,4627680,C,2023-01-25 11:02:41.644694
000,updateSchema,4627680,H,2023-01-25 11:02:41.757351
000,updateSchema,4627680,E,2023-01-25 11:02:42.225316
000,updateSchema,4627680,M,2023-01-25 11:02:42.352844
000,updateSchema,4627680,A,2023-01-25 11:02:42.524334
000,appendDeclarations,36405409,A,2023-01-25 11:02:45.422384
000,appendDeclarations,36405409,P,2023-01-25 11:02:45.524912
000,appendDeclarations,36405409,P,2023-01-25 11:02:45.790228
000,appendDeclarations,36405409,E,2023-01-25 11:02:45.842285
000,appendDeclarations,36405409,N,2023-01-25 11:02:45.938794
000,appendDeclarations,36405409,D,2023-01-25 11:02:46.063417
000,appendDeclarations,36405409,,2023-01-25 11:02:46.532295
000,appendDeclarations,36405409,D,2023-01-25 11:02:46.532503
000,appendDeclarations,36405409,E,2023-01-25 11:02:47.086869
000,appendDeclarations,36405409,C,2023-01-25 11:02:47.088678
000,appendDeclarations,36405409,L,2023-01-25 11:02:47.108686
000,appendDeclarations,36405409,A,2023-01-25 11:02:47.369396
000,appendDeclarations,36405409,R,2023-01-25 11:02:47.397983
000,appendDeclarations,36405409,A,2023-01-25 11:02:47.481507
000,appendDeclarations,36405409,T,2023-01-25 11:02:47.600742
000,appendDeclarations,36405409,I,2023-01-25 11:02:47.768748
000,appendDeclarations,36405409,O,2023-01-25 11:02:47.771640
000,appendDeclarations,36405409,N,2023-01-25 11:02:47.900253
000,appendDeclarations,36405409,S,2023-01-25 11:02:47.967517
000,createNewServerProcess,3457090,C,2023-01-25 11:02:51.082127
000,createNewServerProcess,3457090,R,2023-01-25 11:02:51.350585
000,createNewServerProcess,3457090,E,2023-01-25 11:02:51.593352
000,createNewServerProcess,3457090,A,2023-01-25 11:02:51.608386
000,createNewServerProcess,3457090,T,2023-01-25 11:02:51.630969
000,createNewServerProcess,3457090,E,2023-01-25 11:02:51.660686
000,createNewServerProcess,3457090,,2023-01-25 11:02:51.981137
000,createNewServerProcess,3457090,S,2023-01-25 11:02:52.098628
000,createNewServerProcess,3457090,E,2023-01-25 11:02:52.283976
000,createNewServerProcess,3457090,R,2023-01-25 11:02:52.386650
000,createNewServerProcess,3457090,V,2023-01-25 11:02:52.616862
000,createNewServerProcess,3457090,E,2023-01-25 11:02:52.728688
000,createNewServerProcess,3457090,R,2023-01-25 11:02:52.802235
000,createNewServerProcess,3457090,,2023-01-25 11:02:53.184871
000,createNewServerProcess,3457090,P,2023-01-25 11:02:53.244809
000,createNewServerProcess,3457090,,2023-01-25 11:02:53.699191
000,createNewServerProcess,3457090,,2023-01-25 11:02:53.848277
000,createNewServerProcess,3457090,,2023-01-25 11:02:54.178572
000,createNewServerProcess,3457090,,2023-01-25 11:02:54.228662
000,createNewServerProcess,3457090,,2023-01-25 11:02:54.317847
000,createNewServerProcess,3457090,,2023-01-25 11:02:54.382757
000,createNewServerProcess,3457090,,2023-01-25 11:02:54.535628
000,createNewServerProcess,3457090,,2023-01-25 11:02:54.744212
000,createNewServerProcess,3457090,N,2023-01-25 11:02:54.805117
000,createNewServerProcess,3457090,E,2023-01-25 11:02:54.987618
000,createNewServerProcess,3457090,W,2023-01-25 11:02:55.112533
000,createNewServerProcess,3457090,,2023-01-25 11:02:55.366367
000,createNewServerProcess,3457090,S,2023-01-25 11:02:55.503687
000,createNewServerProcess,3457090,E,2023-01-25 11:02:55.985908
000,createNewServerProcess,3457090,R,2023-01-25 11:02:55.988412
000,createNewServerProcess,3457090,V,2023-01-25 11:02:56.401025
000,createNewServerProcess,3457090,E,2023-01-25 11:02:56.404890
000,createNewServerProcess,3457090,R,2023-01-25 11:02:56.407120
000,createNewServerProcess,3457090,,2023-01-25 11:02:56.482350
000,createNewServerProcess,3457090,P,2023-01-25 11:02:56.591917
000,createNewServerProcess,3457090,R,2023-01-25 11:02:56.815404
000,createNewServerProcess,3457090,O,2023-01-25 11:02:56.828077
000,createNewServerProcess,3457090,C,2023-01-25 11:02:56.986919
000,createNewServerProcess,3457090,E,2023-01-25 11:02:57.361553
000,createNewServerProcess,3457090,S,2023-01-25 11:02:57.444654
000,createNewServerProcess,3457090,S,2023-01-25 11:02:57.615041
000,fetchString,24245709,F,2023-01-25 11:03:00.027827
000,fetchString,24245709,E,2023-01-25 11:03:00.190113
000,fetchString,24245709,T,2023-01-25 11:03:00.459017
000,fetchString,24245709,C,2023-01-25 11:03:00.735571
000,fetchString,24245709,H,2023-01-25 11:03:00.824259
000,fetchString,24245709,,2023-01-25 11:03:01.125582
000,fetchString,24245709,S,2023-01-25 11:03:01.255027
000,fetchString,24245709,T,2023-01-25 11:03:01.572976
000,fetchString,24245709,R,2023-01-25 11:03:01.693975
000,fetchString,24245709,I,2023-01-25 11:03:01.776258
000,fetchString,24245709,N,2023-01-25 11:03:01.867318
000,fetchString,24245709,G,2023-01-25 11:03:01.997129
000,documentLoadingCompleted,3934822,D,2023-01-25 11:03:30.052923
000,documentLoadingCompleted,3934822,O,2023-01-25 11:03:30.055120
000,documentLoadingCompleted,3934822,C,2023-01-25 11:03:30.363029
000,documentLoadingCompleted,3934822,U,2023-01-25 11:03:30.365402
000,documentLoadingCompleted,3934822,M,2023-01-25 11:03:30.584060
000,documentLoadingCompleted,3934822,E,2023-01-25 11:03:30.631127
000,documentLoadingCompleted,3934822,N,2023-01-25 11:03:30.906788
000,documentLoadingCompleted,3934822,T,2023-01-25 11:03:30.914450
000,documentLoadingCompleted,3934822,,2023-01-25 11:03:31.207418
000,documentLoadingCompleted,3934822,L,2023-01-25 11:03:31.439966
000,documentLoadingCompleted,3934822,O,2023-01-25 11:03:31.450953
000,documentLoadingCompleted,3934822,A,2023-01-25 11:03:31.555397
000,documentLoadingCompleted,3934822,D,2023-01-25 11:03:31.662272
000,documentLoadingCompleted,3934822,I,2023-01-25 11:03:31.946238
000,documentLoadingCompleted,3934822,G,2023-01-25 11:03:31.949791
000,documentLoadingCompleted,3934822,N,2023-01-25 11:03:31.952127
000,documentLoadingCompleted,3934822,,2023-01-25 11:03:32.125053
000,documentLoadingCompleted,3934822,C,2023-01-25 11:03:32.282333
000,documentLoadingCompleted,3934822,O,2023-01-25 11:03:32.465287
000,documentLoadingCompleted,3934822,M,2023-01-25 11:03:32.465445
000,documentLoadingCompleted,3934822,P,2023-01-25 11:03:32.515737
000,documentLoadingCompleted,3934822,L,2023-01-25 11:03:32.652235
000,documentLoadingCompleted,3934822,E,2023-01-25 11:03:33.014698
000,documentLoadingCompleted,3934822,T,2023-01-25 11:03:33.014872
000,documentLoadingCompleted,3934822,E,2023-01-25 11:03:33.077838
000,documentLoadingCompleted,3934822,D,2023-01-25 11:03:33.298097
000,print,2896279,P,2023-01-25 11:03:35.747408
000,print,2896279,R,2023-01-25 11:03:35.845296
000,print,2896279,I,2023-01-25 11:03:36.161869
000,print,2896279,N,2023-01-25 11:03:36.164399
000,print,2896279,T,2023-01-25 11:03:36.166995
000,setCombo_Value,19344536,S,2023-01-25 11:03:38.788887
000,setCombo_Value,19344536,E,2023-01-25 11:03:38.798584
000,setCombo_Value,19344536,T,2023-01-25 11:03:38.914560
000,setCombo_Value,19344536,,2023-01-25 11:03:39.276890
000,setCombo_Value,19344536,C,2023-01-25 11:03:39.379353
000,setCombo_Value,19344536,O,2023-01-25 11:03:39.595566
000,setCombo_Value,19344536,M,2023-01-25 11:03:39.807120
000,setCombo_Value,19344536,B,2023-01-25 11:03:39.809585
000,setCombo_Value,19344536,O,2023-01-25 11:03:39.901230
000,setCombo_Value,19344536,,2023-01-25 11:03:40.508040
000,setCombo_Value,19344536,V,2023-01-25 11:03:40.521287
000,setCombo_Value,19344536,A,2023-01-25 11:03:40.856574
000,setCombo_Value,19344536,L,2023-01-25 11:03:40.859250
000,setCombo_Value,19344536,U,2023-01-25 11:03:40.925245
000,setCombo_Value,19344536,E,2023-01-25 11:03:41.059991
000,countQuery,19282261,C,2023-01-25 11:03:43.536595
000,countQuery,19282261,O,2023-01-25 11:03:43.627589
000,countQuery,19282261,U,2023-01-25 11:03:43.794384
000,countQuery,19282261,N,2023-01-25 11:03:43.994523
000,countQuery,19282261,T,2023-01-25 11:03:43.995225
000,countQuery,19282261,,2023-01-25 11:03:44.236507
000,countQuery,19282261,Q,2023-01-25 11:03:44.534573
000,countQuery,19282261,U,2023-01-25 11:03:44.549320
000,countQuery,19282261,E,2023-01-25 11:03:44.604436
000,countQuery,19282261,R,2023-01-25 11:03:44.717333
000,countQuery,19282261,Y,2023-01-25 11:03:44.873046
000,addToTechnicalComment,31203037,A,2023-01-25 11:03:47.405858
000,addToTechnicalComment,31203037,D,2023-01-25 11:03:47.690442
000,addToTechnicalComment,31203037,D,2023-01-25 11:03:47.753879
000,addToTechnicalComment,31203037,,2023-01-25 11:03:48.931415
000,addToTechnicalComment,31203037,T,2023-01-25 11:03:48.934084
000,addToTechnicalComment,31203037,O,2023-01-25 11:03:48.937198
000,addToTechnicalComment,31203037,E,2023-01-25 11:03:48.954511
000,addToTechnicalComment,31203037,,2023-01-25 11:03:48.993004
000,addToTechnicalComment,31203037,T,2023-01-25 11:03:48.995385
000,addToTechnicalComment,31203037,C,2023-01-25 11:03:49.264908
000,addToTechnicalComment,31203037,H,2023-01-25 11:03:49.268099
000,addToTechnicalComment,31203037,N,2023-01-25 11:03:49.433717
000,addToTechnicalComment,31203037,I,2023-01-25 11:03:49.450998
000,addToTechnicalComment,31203037,C,2023-01-25 11:03:49.630612
000,addToTechnicalComment,31203037,A,2023-01-25 11:03:50.040139
000,addToTechnicalComment,31203037,L,2023-01-25 11:03:50.287703
000,addToTechnicalComment,31203037,,2023-01-25 11:03:50.503683
000,addToTechnicalComment,31203037,C,2023-01-25 11:03:50.680238
000,addToTechnicalComment,31203037,O,2023-01-25 11:03:50.865814
000,addToTechnicalComment,31203037,M,2023-01-25 11:03:51.036290
000,addToTechnicalComment,31203037,M,2023-01-25 11:03:51.334135
000,addToTechnicalComment,31203037,E,2023-01-25 11:03:51.336776
000,addToTechnicalComment,31203037,N,2023-01-25 11:03:51.460481
000,addToTechnicalComment,31203037,T,2023-01-25 11:03:51.576986
000,setGenJarDir,31789275,S,2023-01-25 11:03:54.046597
000,setGenJarDir,31789275,E,2023-01-25 11:03:54.254816
000,setGenJarDir,31789275,T,2023-01-25 11:03:54.480836
000,setGenJarDir,31789275,,2023-01-25 11:03:54.630957
000,setGenJarDir,31789275,G,2023-01-25 11:03:54.751740
000,setGenJarDir,31789275,E,2023-01-25 11:03:55.035212
000,setGenJarDir,31789275,N,2023-01-25 11:03:55.052694
000,setGenJarDir,31789275,,2023-01-25 11:03:55.326781
000,setGenJarDir,31789275,J,2023-01-25 11:03:55.530782
000,setGenJarDir,31789275,A,2023-01-25 11:03:56.612131
000,setGenJarDir,31789275,R,2023-01-25 11:03:56.620138
000,setGenJarDir,31789275,,2023-01-25 11:03:56.972107
000,setGenJarDir,31789275,D,2023-01-25 11:03:57.105047
000,setGenJarDir,31789275,I,2023-01-25 11:03:57.225083
000,setGenJarDir,31789275,R,2023-01-25 11:03:57.393070
000,resolve,26494825,R,2023-01-25 11:04:00.456799
000,resolve,26494825,E,2023-01-25 11:04:00.533784
000,resolve,26494825,S,2023-01-25 11:04:00.780299
000,resolve,26494825,O,2023-01-25 11:04:00.833839
000,resolve,26494825,L,2023-01-25 11:04:00.994983
000,resolve,26494825,V,2023-01-25 11:04:01.300872
000,resolve,26494825,E,2023-01-25 11:04:01.301054
000,openNewContainerWindow,34413723,O,2023-01-25 11:04:03.922200
000,openNewContainerWindow,34413723,P,2023-01-25 11:04:03.972765
000,openNewContainerWindow,34413723,E,2023-01-25 11:04:04.170395
000,openNewContainerWindow,34413723,N,2023-01-25 11:04:04.450572
000,openNewContainerWindow,34413723,,2023-01-25 11:04:04.677177
000,openNewContainerWindow,34413723,N,2023-01-25 11:04:04.734414
000,openNewContainerWindow,34413723,E,2023-01-25 11:04:04.974153
000,openNewContainerWindow,34413723,W,2023-01-25 11:04:04.992265
000,openNewContainerWindow,34413723,,2023-01-25 11:04:05.495155
000,openNewContainerWindow,34413723,C,2023-01-25 11:04:05.505844
000,openNewContainerWindow,34413723,O,2023-01-25 11:04:05.719251
000,openNewContainerWindow,34413723,N,2023-01-25 11:04:05.731571
000,openNewContainerWindow,34413723,T,2023-01-25 11:04:06.023062
000,openNewContainerWindow,34413723,A,2023-01-25 11:04:06.051037
000,openNewContainerWindow,34413723,I,2023-01-25 11:04:06.204862
000,openNewContainerWindow,34413723,N,2023-01-25 11:04:06.270253
000,openNewContainerWindow,34413723,E,2023-01-25 11:04:06.575247
000,openNewContainerWindow,34413723,R,2023-01-25 11:04:06.578398
000,openNewContainerWindow,34413723,,2023-01-25 11:04:07.048117
000,openNewContainerWindow,34413723,W,2023-01-25 11:04:07.085006
000,openNewContainerWindow,34413723,I,2023-01-25 11:04:07.292343
000,openNewContainerWindow,34413723,O,2023-01-25 11:04:07.618145
000,openNewContainerWindow,34413723,N,2023-01-25 11:04:07.621869
000,openNewContainerWindow,34413723,D,2023-01-25 11:04:07.624624
000,openNewContainerWindow,34413723,W,2023-01-25 11:04:07.757288
participant_id,function_name,function_id,key_pressed,timestamp
participant_id,function_name,function_id,key_pressed,timestamp
